inlf,hours,kidslt6,kidsge6,age,educ,wage,repwage,hushrs,husage,huseduc,huswage,faminc,mtr,motheduc,fatheduc,unem,city,exper,nwifeinc
1,1610,1,0,32,12,3.354000092,2.650000095,2708,34,12,4.028800011,16310,0.721499979,12,7,5,0,14,10.91005993
1,1656,0,2,30,12,1.388900042,2.650000095,2310,30,9,8.441599846,21800,0.661499977,7,7,11,1,5,19.49998093
1,1980,1,3,35,12,4.545499802,4.039999962,3072,40,12,3.580699921,21040,0.691500008,12,7,5,0,15,12.03991032
1,456,0,3,34,12,1.096500039,3.25,1920,53,10,3.541699886,7300,0.781499982,7,7,5,0,6,6.799995899
1,1568,1,2,31,14,4.591800213,3.599999905,2000,32,12,10,27300,0.621500015,12,14,9.5,1,7,20.1000576
1,2032,0,0,54,12,4.742099762,4.699999809,1040,57,11,6.710599899,19495,0.691500008,14,7,7.5,1,33,9.859053612
1,1440,0,2,37,16,8.333299637,5.949999809,2670,37,12,3.427700043,21152,0.691500008,14,7,5,0,11,9.152048111
1,1020,0,0,54,12,7.843100071,9.979999542,4120,53,8,2.548500061,18900,0.691500008,3,3,5,0,35,10.90003777
1,1458,0,2,48,12,2.126199961,0,1995,52,4,4.220600128,20405,0.75150001,7,7,3,0,24,17.30500031
1,1600,0,2,39,12,4.6875,4.150000095,2100,43,12,5.714300156,20425,0.691500008,7,7,5,0,21,12.92500019
1,1969,0,1,33,12,4.063000202,4.300000191,2450,34,12,9.795900345,32300,0.581499994,12,3,5,0,15,24.29995346
1,1960,0,1,42,11,4.591800213,4.579999924,2375,47,14,8,28700,0.621500015,14,7,5,0,14,19.70007133
1,240,1,2,30,12,2.083300114,0,2830,33,16,5.30039978,15500,0.721499979,16,16,5,0,0,15.00000763
1,997,0,2,43,12,2.266799927,3.5,3317,46,12,4.341300011,16860,0.721499979,10,10,7.5,1,14,14.60000038
1,1848,0,1,43,10,3.679699898,3.380000114,2024,45,17,10.86999989,31431,0.581499994,7,7,7.5,1,6,24.63091469
1,1224,0,3,35,11,1.347200036,0,1694,38,12,9.149900436,19180,0.721499979,16,10,7.5,1,9,17.53102684
1,1400,0,2,43,12,3.214299917,4,2156,45,12,6.122399807,18600,0.691500008,10,7,7.5,1,20,14.09998035
1,640,0,5,39,12,5.175000191,2.25,2250,40,12,6.149799824,19151,0.721499979,12,12,7.5,1,6,15.83899975
1,2000,0,0,45,12,2,2.299999952,2024,51,11,6.916999817,18100,0.691500008,7,7,5,1,23,14.10000038
1,1324,0,4,35,12,7.552899837,3.940000057,2123,40,10,4.710299969,20300,0.691500008,12,7,5,0,9,10.29996109
1,2215,0,2,42,16,3.505199909,3.299999952,4160,48,16,3.131000042,30419,0.621500015,10,16,7.5,0,5,22.65498161
1,1680,0,0,30,12,3.571399927,3.799999952,2000,35,12,4,14090,0.721499979,12,10,3,0,11,8.090047836
1,1600,0,0,48,13,3.25,3.25999999,2420,52,17,7.222700119,22679,0.661499977,7,3,5,1,18,17.47900009
1,800,0,0,45,12,3.25,2.200000048,1150,53,17,7.965199947,12160,0.721499979,7,7,11,0,15,9.56000042
1,1955,1,1,31,12,2.154500008,2.299999952,2024,31,12,4.088399887,12487,0.75150001,12,7,5,1,4,8.274952888
1,660,0,2,43,17,3.787899971,0,1904,43,17,14.18099976,29850,0.581499994,16,14,9.5,1,21,27.34998512
1,525,0,0,59,12,4,3.180000067,2448,53,16,6.535900116,18100,0.691500008,3,7,9.5,1,31,16
1,1904,0,3,32,12,4.726900101,6.070000172,2000,33,13,8.5,26000,0.661499977,3,7,11,1,9,16.99998283
1,1516,1,0,31,17,7.255899906,6,2390,30,17,6.276199818,26100,0.621500015,12,12,5,0,7,15.10005569
1,346,0,0,42,12,5.867099762,6.389999866,1920,47,10,5.208300114,17730,0.721499979,12,12,9.5,0,7,15.6999836
1,1040,0,0,50,11,1.538499951,0,1840,53,10,2.782099962,6719,0.75150001,7,7,7.5,1,32,5.118959904
1,732,0,0,59,16,2.459000111,2.5,3360,57,17,4.910699844,18550,0.691500008,3,3,14,1,11,16.75001144
1,1880,0,2,36,13,5.851099968,5.199999809,2284,35,13,5.866899967,24600,0.661499977,12,10,7.5,0,16,13.59993172
1,1680,0,1,51,12,3.571399927,3.289999962,1875,50,8,7.519999981,23100,0.691500008,7,14,5,1,14,17.10004807
1,2081,0,3,45,16,3.806799889,4.190000057,2140,47,17,7.54489994,24656,0.661499977,12,12,5,1,27,16.73404884
1,690,0,1,42,11,2.463799953,0,1896,44,8,5.538000107,15897,0.75150001,10,3,7.5,0,0,14.19697762
1,4210,0,0,46,12,2.375299931,4.630000114,1040,49,16,6.923099995,20320,0.691500008,3,3,11,1,17,10.3199873
1,2205,0,1,46,10,4.535099983,4.550000191,2200,52,12,5,21384,0.661499977,10,3,11,0,28,11.38410473
1,1952,0,0,51,14,5.618299961,5.599999905,1952,58,12,7.306399822,25561,0.621500015,7,7,14,0,24,14.59407806
1,1302,0,0,30,17,14.63099957,9.529999733,1560,30,17,11.21800041,36550,0.579999983,14,17,5,1,11,17.50043869
1,112,1,2,30,12,2.678600073,0,4030,33,16,3.846199989,15810,0.721499979,12,12,3,0,1,15.50999641
1,893,0,0,57,12,3.919399977,3.5,2570,58,12,5.836599827,25500,0.621500015,9,9,7.5,1,14,21.9999752
1,583,1,2,31,16,2.572900057,9.979999542,1530,34,16,13.72500038,24000,0.661499977,14,16,9.5,1,6,22.5
1,480,0,2,48,12,4.537499905,4.650000095,3149,48,8,6.349299908,22172,0.661499977,3,3,5,0,10,19.99399948
1,1900,0,3,30,12,2,2.230000019,2690,32,12,5.252799988,17930,0.721499979,12,7,5,0,6,14.13000011
1,576,0,2,34,12,3.472199917,3.839999914,3096,33,12,1.307500005,7000,0.781499982,12,7,3,0,4,5.000012875
1,2056,0,2,48,16,2.01609993,0,2552,53,16,2.799799919,25300,0.721499979,14,16,5,1,10,21.15489769
1,1984,0,0,45,12,4.57159996,4.820000172,2040,47,11,2.696099997,16212,0.721499979,10,10,11,0,22,7.141945839
1,2640,0,0,51,12,2.272700071,0,2180,50,13,7.568799973,22650,0.661499977,7,7,3,0,16,16.6500721
1,240,0,2,30,12,2.637500048,0,1864,37,12,3.407700062,6985,0.781499982,12,7,14,0,6,6.35199976
1,1173,0,1,46,12,2.289900064,2.5,2068,46,12,6.540100098,30000,0.691500008,7,7,11,1,12,27.31394768
1,3640,0,0,58,12,1.098899961,0,2010,58,12,7.213900089,18500,0.691500008,7,3,9.5,1,32,14.50000381
1,340,0,8,37,12,1.176499963,0,2152,40,10,6.273200035,16658,0.75150001,12,7,5,0,15,16.25798988
1,500,0,0,52,8,1.600000024,0,1496,54,11,5.882400036,10300,0.75150001,7,7,5,1,17,9.5
1,1599,0,0,52,10,1.876199961,2.799999952,2100,47,4,3.809499979,11000,0.75150001,7,3,7.5,0,34,7.999956131
1,1830,0,0,31,16,4.043700218,4.199999809,1960,35,14,6.377600193,19900,0.691500008,12,12,7.5,1,9,12.50002861
1,1920,0,0,55,14,9.635399818,8.75,1985,55,15,6.045300007,32500,0.639999986,7,7,14,1,37,14.00003242
1,2052,0,0,34,17,8.04090023,8.25,2020,33,17,8.811900139,37300,0.579999983,17,17,7.5,1,10,20.80007362
1,2312,0,0,55,14,4.598999977,5.579999924,2178,56,16,8.87650013,30018,0.581499994,17,7,11,1,35,19.38511276
1,196,0,2,39,12,2.14289999,2.5,3684,39,12,3.342000008,12807,0.75150001,12,7,14,1,6,12.3869915
1,2500,0,3,40,14,4.400000095,5.5,5010,42,13,3.183599949,39500,0.551500022,14,3,7.5,0,19,28.5
1,1980,0,4,43,12,3.535399914,3.75,1880,47,12,6.914899826,22050,0.691500008,12,12,9.5,1,10,15.04990864
1,1840,0,0,48,8,2.717400074,4.800000191,1904,56,8,5.514699936,15500,0.721499979,7,7,14,1,11,10.49998379
1,320,0,0,47,12,6.25,6.25,2083,47,12,5.280799866,13810,0.721499979,7,7,9.5,1,15,11.81000042
1,419,0,4,41,12,11.93299961,6.300000191,2125,44,12,3.200000048,11950,0.75150001,7,7,5,1,12,6.950073242
1,1880,0,0,36,8,3.593100071,3.75,1985,37,12,5.879099846,19175,0.691500008,12,12,7.5,0,12,12.41997147
1,72,0,2,46,17,6.944399834,0,2640,48,17,6.25,17900,0.691500008,12,16,7.5,0,14,17.40000343
1,120,0,0,34,12,2.916699886,0,2070,51,8,7.48789978,15850,0.721499979,12,7,5,1,11,15.49999619
1,1885,0,3,41,12,3.076900005,2.900000095,2107,48,8,6.976699829,27017,0.691500008,7,7,5,1,9,21.21704292
1,240,0,1,51,12,3.75,0,2250,54,10,8,18900,0.691500008,12,7,5,0,24,18
1,1729,0,0,33,12,5.725900173,4.760000229,2880,34,16,4.131899834,21800,0.691500008,12,12,7.5,1,12,11.89991856
1,1850,0,0,52,12,3.675699949,3.400000095,1848,53,12,14.47599983,33552,0.551500022,10,10,7.5,1,13,26.75195503
1,2033,0,0,58,9,5.164800167,4.320000172,1927,53,7,5.734300137,22650,0.661499977,7,9,7.5,1,29,12.14996147
1,608,2,4,34,10,8.22369957,3,1304,38,9,3.374200106,15200,0.791499972,0,0,7.5,1,11,10.19999027
1,1153,0,1,31,12,4.336500168,4.519999981,3000,35,12,1.833299994,13120,0.721499979,7,10,7.5,1,13,8.120015144
1,2208,0,1,48,12,4.981900215,5.309999943,1892,52,12,5.602499962,21660,0.661499977,12,14,5,1,19,10.65996456
1,252,0,2,32,12,0.35710001,0,3644,32,12,4.297500134,18190,0.721499979,7,7,3,0,2,18.10000992
1,337,0,0,49,17,2.967400074,0,1430,47,17,3.916100025,9600,0.75150001,3,3,14,1,24,8.599986076
1,90,2,2,32,15,1,0,2350,31,14,4.87869978,13755,0.75150001,10,12,7.5,1,9,13.66499996
1,1174,0,0,58,12,2.555399895,4.869999886,1948,59,16,9.240200043,35350,0.661499977,7,12,7.5,1,6,32.34996033
1,372,0,0,50,6,0.860199988,2.25,1804,42,12,6.651899815,12405,0.721499979,12,7,7.5,1,22,12.08500576
1,30,0,0,60,14,1,0,2326,51,12,4.62169981,12180,0.75150001,12,17,9.5,0,30,12.14999962
1,1800,0,1,50,12,2.926100016,0,1739,55,11,9.974100113,22962,0.661499977,7,3,7.5,1,10,17.69502068
1,282,0,0,56,14,3.546099901,2.5,1176,57,17,20.91799927,25700,0.621500015,7,7,9.5,1,6,24.70000076
1,720,0,0,51,9,1.626399994,2.200000048,1100,55,8,1.940000057,3305,0.791499972,7,7,3,0,29,2.133991957
1,1440,0,1,54,17,8.333299637,6,1528,58,17,8.835100174,32950,0.581499994,7,12,5,1,29,20.95004845
1,2100,0,0,59,13,3.095200062,2.950000048,2250,52,15,4.666699886,17000,0.691500008,7,7,5,1,36,10.50008011
1,1000,0,2,46,9,2.700000048,2.349999905,1927,47,10,5.189400196,13250,0.75150001,7,7,5,1,19,10.55000019
1,952,0,1,46,15,5.252099991,0,2414,47,16,18.72400093,50750,0.441500008,7,12,5,1,8,45.75
1,1413,1,3,39,12,1.415400028,2.200000048,768,49,8,10.41699982,15632,0.771499991,10,10,14,0,13,13.63204002
1,2100,0,2,44,12,4.798600197,4.849999905,1984,43,14,8.8458004,28316,0.621500015,7,0,11,1,16,18.23893929
1,120,2,0,33,12,1.666700006,2.369999886,2246,36,12,7.568999767,17290,0.721499979,12,12,9.5,1,11,17.08999634
1,3000,1,2,33,12,1.121700048,0,3024,30,17,4.450699806,33600,0.621500015,10,10,7.5,1,15,30.23489952
1,1000,0,2,48,12,0.5,0,2921,52,12,9.320400238,29200,0.621500015,12,7,9,1,6,28.70000076
1,336,0,4,31,12,0.714299977,0,2045,37,17,9.168700218,19870,0.691500008,7,7,11,0,13,19.62999535
1,1216,0,1,45,12,2.796099901,2.900000095,1928,44,12,6.483399868,16225,0.721499979,7,7,11,0,22,12.82494259
1,988,0,1,45,12,4.858300209,4.5,1920,44,10,7.8125,28600,0.691500008,7,3,5,1,24,23.79999924
1,2581,0,2,32,13,1.743499994,2.599999905,2280,37,17,11.40400028,30800,0.581499994,14,12,7.5,1,2,26.30002594
1,2030,0,0,47,12,2.463099957,2.799999952,2300,47,17,5.086999893,25700,0.691500008,7,7,3,0,6,20.6999073
1,413,0,2,34,13,2.421299934,3,2480,35,13,6.975800037,27000,0.621500015,12,12,3,0,2,26.00000381
1,782,0,1,37,12,1.534500003,2.299999952,1135,34,10,5.286300182,12077,0.771499991,12,7,9.5,1,2,10.87702084
1,1388,0,1,36,12,2.881799936,1.870000005,1384,39,12,11.56200027,29612,0.661499977,7,7,11,0,14,25.61206245
1,1450,1,2,47,12,2.406899929,3,1848,50,14,8.606100082,24479,0.691500008,7,10,9.5,1,9,20.9889946
1,1720,0,1,48,16,5.232600212,4.679999828,2499,46,17,12.80500031,79750,0.441500008,14,14,7.5,1,11,70.74993134
1,800,0,2,42,12,3.75,2.5,2390,43,12,6.694600105,20050,0.691500008,12,7,11,0,9,17.04999924
1,360,0,3,33,13,1.388900042,0,2400,44,14,8.333299637,21500,0.691500008,10,12,11,1,6,20.99999619
1,2000,0,0,46,11,4,4.610000134,1920,53,8,4.166699886,16120,0.691500008,7,7,5,0,19,8.119999886
1,1176,0,3,47,12,3.231300116,3.349999905,2301,48,13,5.475900173,24686,0.721499979,7,7,9.5,0,26,20.88599014
1,2058,0,1,44,12,3.401400089,3.799999952,1944,43,10,5.144000053,24669,0.691500008,7,10,9.5,1,19,17.66891861
1,900,0,4,36,12,1.333299994,2.200000048,2100,37,17,11.66699982,26400,0.661499977,7,7,7.5,1,3,25.20002937
1,215,2,0,31,17,9.302300453,9.979999542,1920,32,16,7.291699886,16245,0.721499979,12,12,7.5,1,7,14.24500561
1,2000,0,0,55,14,4.5,4.369999886,2880,55,14,4.861100197,23300,0.661499977,7,7,9.5,1,28,14.30000019
1,757,0,1,45,16,4.62349987,4.5,1932,48,16,12.16399956,27200,0.621500015,12,7,9.5,1,13,23.7000103
1,1264,0,0,47,17,3.955699921,0,3234,48,17,10.82299995,51000,0.461499989,10,17,9.5,1,9,45.99999619
1,2064,0,3,46,12,5.81400013,6,2805,47,12,12.47799969,55000,0.461499989,10,7,14,1,15,42.99990463
1,1280,0,0,49,11,0.5,0,2272,52,9,6.162000179,15389,0.721499979,7,7,7.5,1,20,14.7489996
1,1715,0,0,49,12,4.081600189,3.75,2227,52,14,7.184599876,23150,0.661499977,7,7,9.5,1,29,16.15005493
1,2000,0,2,45,12,6,4.949999809,1720,49,6,7.092999935,29774,0.621500015,7,10,14,1,9,17.77400017
1,12,1,3,38,17,3.666699886,0,2300,38,13,17.82600021,91044,0.441500008,12,10,14,1,1,91
1,1528,0,0,47,10,3.861299992,2.950000048,3410,50,12,6.393000126,28200,0.581499994,7,12,14,1,8,22.29993439
1,561,0,3,54,13,2.762900114,2.529999971,2304,57,16,11.71899986,36150,0.551500022,7,7,9.5,1,19,34.60001373
1,2058,0,0,41,11,2.930999994,2.900000095,1984,42,12,4.788300037,15652,0.721499979,12,12,7.5,0,23,9.620001793
1,1823,0,2,43,12,4.388400078,4.199999809,1890,33,14,4.232800007,18900,0.75150001,14,7,11,0,3,10.89994621
1,1680,1,1,31,16,5.416699886,4.699999809,1970,32,12,7.106599808,23600,0.661499977,12,10,7.5,0,13,14.49994373
1,1440,0,0,47,17,9.861100197,7.099999905,2400,46,12,8.333299637,36200,0.610000014,7,7,7.5,1,8,22.00001526
1,4950,0,2,35,12,0.161599994,2.75,2504,37,12,6.988800049,18700,0.691500008,10,10,7.5,0,17,17.90007973
1,1176,0,3,45,16,0.382600009,3.75,2398,48,17,9.591300011,24125,0.661499977,7,7,11,1,4,23.67506218
1,1100,1,0,33,12,3.636399984,3.579999924,1960,39,12,6.020400047,15800,0.721499979,7,7,7.5,0,15,11.79996014
1,1516,0,1,54,16,2.374700069,2.400000095,2550,55,12,2.968600035,19742,0.721499979,12,7,3,0,11,16.14195442
1,900,0,4,35,8,4.666699886,3.950000048,2500,41,12,7,22600,0.691500008,10,7,9.5,0,7,18.39997101
1,1080,1,2,31,12,1.851899981,2.25,2164,37,10,7.162700176,17500,0.721499979,7,7,7.5,0,0,15.49994755
1,480,0,0,55,12,5.199999809,0,2640,60,12,4.736400127,19820,0.691500008,7,7,7.5,0,0,17.3239994
1,288,0,2,34,12,3.298599958,4.619999886,1936,36,12,8.781000137,20155,0.691500008,12,16,11,1,10,19.20500374
1,1875,0,1,38,13,8.5333004,8.5,2136,41,12,9.831500053,37300,0.579999983,10,12,7.5,1,8,21.30006218
1,630,0,1,45,11,2.063499928,0,1955,51,10,6.649600029,24860,0.721499979,7,7,7.5,1,2,23.55999565
1,234,0,1,47,12,2.564100027,2.5,1980,48,10,9.848500252,21450,0.661499977,12,3,7.5,1,4,20.85000038
1,1600,0,2,39,12,2.1875,0,2550,42,11,9.803899765,29650,0.621500015,7,7,5,1,6,26.14999962
1,960,1,0,36,14,6.25,0,2058,37,13,8.260399818,23000,0.661499977,7,7,11,1,18,17
1,120,1,2,33,12,3.333300114,0,2263,32,14,9.06760025,21120,0.691500008,7,7,9,1,3,20.72000313
1,2025,0,0,50,12,4.444399834,4.800000191,1763,54,13,8.508199692,26000,0.621500015,7,12,5,1,22,17.00008965
1,1809,0,0,58,12,6.633500099,6.449999809,2096,59,14,7.156499863,28000,0.621500015,3,7,7.5,1,33,15.99999809
1,3087,0,0,49,17,8.422400475,9.979999542,2059,47,13,7.042300224,45500,0.519999981,12,12,11,1,28,19.50004959
1,910,0,2,41,14,4.395599842,0,1820,40,17,6.593400002,16000,0.721499979,16,12,14,1,23,12.00000381
1,1840,0,1,51,12,2.44569993,2.5,2832,53,8,4.345699787,18232,0.691500008,7,14,11,0,27,13.73191166
1,784,0,0,53,9,1.224499941,2.25,1990,60,10,7.236199856,28160,0.721499979,3,7,14,1,11,27.19999123
1,400,1,2,36,12,1.625,0,2000,40,7,1.74000001,5965,0.801500022,12,7,11,1,6,5.315000057
1,1000,0,2,46,12,3,5.5,1885,46,12,6.89659977,19000,0.721499979,7,7,9.5,1,11,16
1,1904,0,2,36,12,4.726900101,4.199999809,2860,37,12,5.045499802,36872,0.551500022,12,12,11,1,14,27.87198257
1,1771,0,1,53,14,1.129299998,9.979999542,1913,48,16,17.25,42000,0.49149999,12,12,14,1,17,40.00001144
1,1486,0,3,40,16,7.402400017,6.25,1800,54,16,8.333299637,26900,0.621500015,16,14,11,1,17,15.90003395
1,740,0,2,42,17,4.459499836,1.649999976,2880,45,16,9.375,30800,0.581499994,12,10,9,0,14,27.49996948
1,1820,1,1,33,15,2.472500086,0,1993,32,16,8.279000282,21520,0.691500008,12,12,11,1,11,17.02005005
1,1275,0,3,43,12,1.882400036,3,2250,47,14,4.5,24795,0.691500008,7,7,7.5,1,7,22.39493942
1,450,1,0,31,16,4,4,2286,30,16,4.199500084,12900,0.721499979,14,16,14,1,8,11.10000038
1,1221,0,0,47,17,8.18999958,5.989999771,1880,47,16,16.06399918,42700,0.49149999,7,7,7.5,1,6,32.70001221
1,1550,0,0,54,17,7.09679985,6,2350,58,17,11.27700043,38800,0.521499991,10,17,11,1,8,27.79996109
1,180,1,3,33,12,1.666700006,0,3640,33,11,0.549399972,2500,0.941500008,7,3,3,0,4,2.199994087
1,2090,0,0,43,16,3.444999933,3.849999905,1770,47,14,9.548000336,26921,0.621500015,14,10,11,1,25,19.72095108
1,1960,0,1,46,13,4.234700203,4.199999809,1875,49,13,5.333300114,18300,0.691500008,7,9,3,0,24,9.999987602
1,1440,0,3,35,12,2.777800083,4.099999905,2200,38,9,5.454500198,17200,0.721499979,7,7,14,1,11,13.19996834
1,794,0,3,37,11,1.889199972,3.849999905,2033,39,12,5.902599812,14209,0.75150001,12,3,9.5,1,19,12.70897484
1,993,0,2,37,16,5.035200119,8.300000191,2739,39,17,9.857600212,32300,0.581499994,12,16,14,1,9,27.30004692
1,160,0,3,34,14,1.25,0,1626,38,14,11.68500042,21400,0.721499979,17,12,7.5,1,19,21.20000076
1,105,1,0,43,16,2.85710001,0,2248,44,17,6.227799892,14700,0.721499979,7,7,9.5,0,14,14.40000439
1,1200,0,0,46,12,4.116700172,4.329999924,2140,48,12,9.174799919,25516,0.621500015,7,7,9.5,1,22,20.57596016
1,450,0,3,35,9,1.777799964,2.599999905,1985,42,12,6.297200203,13300,0.75150001,3,7,5,1,6,12.49999046
1,996,0,0,46,17,13.5539999,9.979999542,1528,59,17,10.47099972,31000,0.581499994,12,12,9.5,1,23,17.50021553
1,1052,0,0,46,14,4.562699795,4.900000095,1920,48,16,14.58300018,48800,0.49149999,7,3,11,1,15,44.00003815
1,1128,0,2,43,12,2.12770009,2.400000095,1918,46,10,6.214300156,15519,0.721499979,7,7,14,1,6,13.11895466
1,1840,0,0,30,12,2.989099979,3.75,2112,30,12,6.628799915,19500,0.691500008,7,7,7.5,0,11,14.00005627
1,1910,0,2,41,11,2.565399885,2.569999933,2144,46,9,3.824599981,14545,0.721499979,3,7,5,0,2,9.645086288
1,980,0,1,54,12,5.612199783,5,1920,54,15,7.8125,22897,0.691500008,7,7,14,1,22,17.39704514
1,2317,0,1,31,12,2.805399895,3.869999886,2241,41,9,3.480600119,14300,0.721499979,10,10,7.5,1,10,7.799888611
1,1089,0,0,44,10,1.606999993,0,880,47,11,5.550000191,14884,0.75150001,10,10,9.5,1,14,13.13397694
1,800,0,1,32,12,2.25,0,2070,31,16,11.59399986,27400,0.621500015,12,7,11,1,12,25.60000038
1,1230,0,0,47,5,2.032500029,2.819999933,1050,53,5,9.523799896,16400,0.721499979,7,12,14,1,9,13.90002537
1,1158,0,1,46,17,5.532000065,8.100000381,2635,57,17,7.280499935,25704,0.621500015,14,17,7.5,0,13,19.29794312
1,2272,0,0,37,11,1.584499955,3.710000038,3000,47,8,3,12800,0.721499979,10,10,7.5,0,18,9.200016022
1,528,0,2,51,12,3.787899971,0,2500,50,11,10.39999962,40000,0.621500015,7,7,7.5,0,8,37.99998856
1,1000,0,1,49,12,3,0,1990,49,12,10.05000019,47000,0.661499977,7,7,14,1,11,44
1,520,0,4,36,14,8.653800011,0,2390,37,13,8.786600113,25872,0.661499977,10,12,9.5,1,9,21.37202454
1,760,0,1,39,11,4.210499763,3.950000048,1430,44,12,10.14000034,26868,0.691500008,12,7,9.5,1,9,23.66802025
1,1920,0,2,48,12,4.6875,4.300000191,1800,50,8,5,18000,0.691500008,12,12,9.5,1,14,9
1,1220,0,2,38,14,4.098400116,4.840000153,2103,43,17,11.88799953,30200,0.581499994,7,7,5,1,9,25.19995117
1,200,0,2,40,12,25,3,1350,42,12,13.33300018,26220,0.661499977,7,7,7.5,1,2,21.21999931
1,2480,1,5,39,10,2.633100033,4.199999809,2880,36,17,8.680600166,40500,0.581499994,7,7,3,0,12,33.96991348
1,2750,0,0,37,16,6,9,2400,43,17,7.291699886,33570,0.610000014,12,7,7.5,1,15,17.06999969
1,2014,0,1,49,13,5.41260004,4.050000191,1135,47,12,3.524199963,16917,0.721499979,7,14,14,1,11,6.016023636
1,1355,0,3,33,12,0.664200008,1,2750,35,17,6.181799889,18000,0.721499979,12,7,9.5,0,7,17.10000992
1,80,0,0,30,12,1.25,0,2085,32,16,2.975500107,8337,0.75150001,12,12,11,1,9,8.237000465
1,1670,0,0,54,12,2.275399923,2.099999905,2600,56,8,4.576900005,17100,0.721499979,12,7,9.5,0,19,13.30008221
1,520,0,4,39,11,3.461499929,3.049999952,3542,40,12,3.105600119,17800,0.75150001,10,7,11,0,11,16.00002098
1,288,0,3,43,12,4.166699886,3,1975,43,12,5.822800159,13740,0.75150001,12,12,14,1,8,12.53999043
1,2014,0,3,31,9,4.468699932,4.260000229,2400,32,12,7.5,27000,0.621500015,10,3,9.5,1,13,18.00003815
1,800,0,3,33,13,1.75,0,3000,37,14,8.333299637,32600,0.621500015,12,7,7.5,1,4,31.20000076
1,1984,0,3,40,12,3.669399977,4.25,1960,39,14,9.234700203,28030,0.661499977,12,12,14,1,7,20.74991035
1,1823,0,1,36,12,6.582600117,6,2000,39,9,5.5,23100,0.661499977,12,12,3,0,19,11.09992027
1,1500,0,0,51,12,2.599999905,2,3000,51,12,6,24580,0.661499977,7,7,9.5,1,14,20.68000031
1,2261,0,1,44,13,4.865099907,5.5,2400,43,12,6.666699886,29000,0.621500015,12,7,9.5,1,14,18.00000954
1,1728,0,3,42,16,5.787000179,6.25,2450,48,14,13.06099987,42430,0.521499991,12,14,9.5,1,3,32.43006516
1,1960,0,1,40,12,4.540800095,5,2423,40,8,12.79399967,41800,0.521499991,12,12,7.5,1,9,32.90003204
1,1578,1,1,34,16,9.505700111,7.71999979,2000,33,16,12,39100,0.579999983,12,17,9.5,1,7,24.1000061
1,1316,0,0,30,17,10.63799953,7,2526,41,16,6.730000019,31800,0.581499994,16,17,11,1,7,17.80039215
1,1530,0,0,54,12,1.111099958,1.129999995,2695,53,12,6.678999901,22200,0.691500008,7,7,14,0,14,20.50001717
1,2220,0,0,51,12,4.054100037,4.369999886,2048,54,12,4.394499779,19500,0.691500008,16,7,3,0,29,10.49989796
1,1336,0,2,44,9,2.687099934,2.640000105,1920,46,11,4.6875,14027,0.75150001,7,10,11,0,19,10.43703461
1,1008,0,1,43,12,2.976200104,2.5,2338,42,9,7.698900223,21195,0.661499977,7,7,11,1,14,18.19499016
1,1944,0,1,34,12,3.172800064,3.230000019,2945,37,8,4.328700066,19013,0.691500008,10,7,7.5,0,16,12.84507656
1,2000,0,0,45,13,3.549999952,3.450000048,2047,52,12,6.741600037,20900,0.661499977,12,7,11,1,10,13.80000019
1,258,0,0,39,12,17.90699959,0,1668,47,7,9.352499962,26820,0.621500015,10,3,11,0,12,22.19999504
1,1785,0,0,50,12,3.417399883,5.75,175,48,10,9.142900467,12800,0.75150001,0,0,14,1,24,6.699941158
1,480,0,0,52,12,3.333300114,0,1798,53,12,2.641799927,7850,0.75150001,7,7,14,0,6,6.250015736
1,772,0,2,41,12,3.885999918,7.5,1222,45,12,7.364999771,18600,0.721499979,12,12,7.5,1,9,15.60000801
1,900,0,0,59,10,2.311100006,2.220000029,1820,59,7,1.406599998,5380,0.771499991,12,7,5,0,14,3.300009966
1,1428,0,0,52,12,1.710800052,2.5,1560,60,8,1.519199967,6114,0.771499991,10,7,14,0,26,3.670977592
1,210,0,0,46,16,2.114300013,4,2210,49,12,3.343899965,8234,0.75150001,12,12,14,0,7,7.789997101
1,239,1,5,41,12,9.933099747,4.5,2874,48,16,2.910599947,20646,0.721499979,3,7,11,1,4,18.27198982
1,1878,0,2,33,11,3.027699947,3.5,2499,35,8,4.383399963,16640,0.721499979,7,7,9.5,0,15,10.95397949
1,215,0,0,45,12,1.860499978,2.299999952,3088,38,12,4.209799767,13900,0.721499979,12,12,5,1,23,13.49999237
1,2340,1,2,36,10,0.128199995,0,2020,37,8,3.712899923,11500,0.781499982,10,7,7.5,0,1,11.20001221
1,1960,0,1,48,12,6.632699966,6.300000191,1980,56,10,10.60599995,34000,0.551500022,7,7,14,1,29,20.99990845
1,532,0,1,47,12,5.639100075,3.599999905,1968,47,11,8.638199806,28700,0.661499977,7,3,11,1,9,25.69999886
1,394,0,0,45,12,1.598999977,2.5,2100,45,12,3.836699963,9563,0.75150001,7,7,7.5,0,6,8.932993889
1,675,0,2,37,12,2.666699886,3,2651,48,17,7.167099953,20960,0.691500008,7,7,7.5,0,11,19.15997696
1,1515,0,4,46,16,7.920800209,6.800000191,1918,49,14,8.863400459,38590,0.621500015,12,10,14,1,17,26.5899868
1,1030,0,3,43,17,5.339799881,5.800000191,2585,46,16,7.736899853,27900,0.661499977,12,12,5,1,6,22.40000534
1,1250,0,2,42,12,4,4,2250,46,17,9.170200348,25633,0.621500015,7,7,7.5,1,7,20.63299942
1,1158,1,2,34,17,6.04489994,5.099999905,2480,39,17,11.28999996,35200,0.551500022,12,12,7.5,1,2,28.20000648
1,112,0,0,52,12,6.25,0,2924,53,12,6.326900005,29500,0.581499994,7,7,7.5,1,24,28.79999924
1,336,0,3,37,12,2.976200104,2.200000048,1896,52,9,4.746799946,10000,0.75150001,10,7,7.5,0,4,8.999997139
1,1984,0,1,37,12,4.23390007,4.78000021,2332,40,12,4.888500214,19800,0.691500008,10,7,5,0,11,11.3999424
1,716,0,0,52,8,3.491600037,2.200000048,3482,59,7,2.484200001,12900,0.721499979,7,7,5,0,25,10.40001392
1,1410,1,0,30,12,4.96449995,1.279999971,2106,30,14,8.546999931,26080,0.621500015,12,12,7.5,0,11,19.08005524
1,1300,0,1,31,13,2.769200087,0,1160,32,12,6.637899876,13066,0.75150001,17,7,11,1,2,9.466039658
1,1640,0,1,38,12,3.658499956,3.25,2040,46,12,3.186300039,12500,0.721499979,7,7,7.5,0,19,6.500060081
1,1202,0,3,43,12,5.393499851,0,2856,48,16,4.546599865,35600,0.581499994,7,7,9,1,7,29.11701393
1,489,0,1,49,8,0.656400025,2.289999962,950,51,8,12.78899956,19424,0.75150001,7,7,5,1,2,19.10301971
1,2076,0,0,55,12,4.768799782,4.679999828,2068,58,10,6.527999878,26250,0.661499977,7,7,5,1,20,16.34997177
1,526,0,2,38,17,8.555100441,4.199999809,1896,42,17,16.40299988,36525,0.551500022,12,14,9.5,1,10,32.02501678
1,1721,0,0,52,17,10.45899963,9.5,2000,56,16,7,34700,0.610000014,14,17,14,1,19,16.7000618
1,1327,0,0,48,12,2.637500048,2.569999933,288,51,11,13.54199982,8311,0.75150001,7,7,11,1,17,4.81103754
1,584,0,2,32,13,6.849299908,4.320000172,2160,33,12,6.712999821,28626,0.691500008,12,10,11,1,12,24.62600899
1,1376,0,1,32,12,5.087200165,5,3120,33,17,5.448699951,24400,0.661499977,7,7,5,1,11,17.40001297
1,1040,0,2,38,12,0.961499989,0,1944,41,17,6.687200069,14025,0.721499979,7,7,7.5,1,6,13.02503967
1,548,0,3,46,12,4.306600094,3.690000057,2046,47,12,9.09430027,21367,0.691500008,16,12,14,1,10,19.0069828
1,15,0,3,40,12,7.066699982,0,2005,42,9,6.533699989,14136,0.75150001,7,7,7.5,0,4,14.02999973
1,1980,0,4,31,9,2.525300026,2.559999943,2070,36,10,4.68599987,19900,0.75150001,10,7,5,1,2,14.89990616
1,1520,0,1,43,10,7.89470005,5,3000,50,12,8,37000,0.521499991,12,9,9.5,1,13,25.00005531
1,1880,0,0,51,12,4.148900032,3.900000095,2640,51,12,4.052999973,18500,0.691500008,7,7,7.5,0,21,10.70006752
1,1260,1,0,30,16,8.174599648,8.170000076,2450,34,17,8.163299561,34550,0.551500022,16,14,5,1,9,24.25000381
1,1092,0,0,52,13,9.597100258,0,1000,53,15,16.5,49620,0.461499989,10,7,11,1,4,39.13996506
1,1587,1,5,30,8,2.016400099,2.299999952,2080,33,8,3.461499929,10400,0.781499982,3,3,7.5,0,2,7.199973106
1,156,0,0,51,16,7.621799946,0,2413,51,16,11.36100006,33000,0.551500022,16,16,11,1,19,31.81099892
1,1939,0,2,31,13,3.19749999,3.430000067,2570,31,12,3.89109993,16200,0.721499979,7,3,7.5,1,4,10.00004768
1,1250,0,4,34,12,1.600000024,1.360000014,2030,52,12,9.605899811,22660,0.691500008,12,16,7.5,1,9,20.65999985
1,610,0,0,49,11,4.098400116,4,4684,59,17,2.66869998,16000,0.721499979,7,7,7.5,1,14,13.49997616
1,270,1,3,35,13,1.48150003,5,2802,41,17,8.886500359,25780,0.661499977,7,16,9.5,1,6,25.37999535
1,660,1,0,53,12,3.636399984,3.150000095,2090,59,12,6.363599777,20675,0.721499979,7,12,7.5,1,24,18.27497673
1,1000,0,3,32,12,1,0,2053,46,16,17.72800064,40213,0.551500022,12,7,11,0,1,39.21300125
1,1920,0,3,38,10,2.604199886,2.930000067,1984,42,10,5.292300224,15500,0.721499979,12,7,7.5,1,13,10.4999361
1,200,0,0,54,12,1.75,0,2040,54,16,15.68599987,35207,0.581499994,7,12,9.5,1,3,34.85699844
1,1500,0,1,47,17,4.800000191,3.599999905,2794,58,8,5.242300034,35702,0.551500022,10,12,11,1,10,28.5019989
1,868,0,1,45,15,5.53000021,6,3290,47,14,3.039499998,17800,0.721499979,14,12,9.5,1,16,12.99995995
1,2318,0,1,47,16,4.098400116,4.199999809,1911,46,16,16.74500084,50900,0.49149999,16,16,5,1,9,41.39990997
1,2000,0,0,59,10,1.25,0,2000,60,12,3.75,17280,0.691500008,7,7,5,0,19,14.77999973
1,60,0,1,32,11,1.666700006,0,2580,31,12,5.81400013,15150,0.721499979,10,9,5,1,4,15.04999828
1,1715,0,1,45,12,3.790100098,3.380000114,2400,49,17,10.83300018,36200,0.581499994,7,7,7.5,1,10,29.69997787
1,550,0,4,40,12,2.363600016,2.25999999,1740,47,12,9.002900124,17465,0.721499979,14,12,5,1,5,16.16501999
1,1960,0,2,47,14,10.20400047,0,2500,50,12,6.539999962,45205,0.610000014,14,12,3,1,7,25.20515823
1,44,1,2,36,16,6.818200111,1.360000014,1840,37,17,5.978300095,14500,0.75150001,12,10,5,0,3,14.19999886
1,1920,0,0,56,14,7.214600086,6.920000076,2036,56,14,8.624799728,32011,0.581499994,7,7,7.5,0,38,18.15896797
1,2540,0,1,41,8,2.448400021,0,3536,43,11,4.832900047,35200,0.621500015,7,12,9.5,0,16,28.98106384
1,156,0,3,48,7,1.198699951,0,880,51,11,10.9090004,13579,0.75150001,3,7,11,0,13,13.39200306
1,780,1,2,36,12,1.641000032,0,2007,38,12,3.886399984,10455,0.75150001,7,7,11,0,1,9.175020218
1,3120,0,0,41,12,1.782099962,0,2632,44,13,8.457400322,32600,0.551500022,7,3,5,0,7,27.03984833
1,2040,0,0,41,14,2.941200018,2.799999952,2600,43,12,5,19150,0.691500008,7,10,11,1,15,13.14995193
1,1610,0,3,36,12,4.968900204,4.25,2156,36,13,7.421199799,24400,0.661499977,12,17,9.5,1,10,16.40007019
1,215,0,3,37,12,1.860499978,0,3625,41,12,4.493800163,21700,0.691500008,10,7,3,0,2,21.29999161
1,1120,0,0,38,12,8.035699844,0,2420,42,12,7.02519989,26201,0.621500015,7,3,9.5,1,19,17.20101547
1,846,0,2,43,14,3.971600056,4.199999809,2080,43,9,3.278800011,11920,0.75150001,3,3,7.5,1,25,8.560026169
1,3225,0,0,54,16,3.041599989,0,3443,59,17,1.28610003,16300,0.721499979,12,12,9.5,1,25,6.490839958
1,1376,0,1,38,12,2.907000065,3.75,2250,41,12,5.555600166,16500,0.721499979,7,7,5,1,7,12.49996758
1,980,1,0,30,12,3.061199903,3.599999905,2535,34,16,7.495100021,30000,0.581499994,12,7,11,1,15,27.0000248
1,1838,0,0,49,12,4.89659977,5,2352,48,15,22.10899925,62500,0.441500008,7,7,9.5,1,11,53.50004959
1,1494,0,1,45,13,4.01609993,2.5,3036,49,6,9.057999611,58500,0.441500008,10,10,9.5,1,25,52.49994659
1,450,0,0,51,13,5.555600166,3.5,2600,57,14,11.53800011,40900,0.521499991,7,7,9.5,1,19,38.39997864
1,1976,0,0,34,10,1.2227,2.450000048,2223,39,7,6.046800137,16308,0.691500008,0,10,7.5,1,4,13.89194489
1,2012,0,2,34,12,2.683900118,3.609999895,2666,34,10,1.365300059,9300,0.75150001,7,7,7.5,1,14,3.899992943
1,561,0,1,41,12,2.673799992,3.25,2006,41,17,16.54999924,35700,0.551500022,10,9,7.5,1,19,34.19999695
1,1715,0,1,49,12,9.329400063,7.050000191,1710,49,17,8.771900177,35700,0.639999986,9,9,11,1,18,19.70007896
1,1912,0,0,32,12,3.138099909,3.599999905,1920,46,14,9.635399818,24500,0.661499977,12,12,5,1,14,18.49995232
1,3686,0,0,32,14,0.542599976,0,1647,39,14,6.678800106,13000,0.721499979,12,12,7.5,1,11,10.99997616
1,1080,0,2,32,17,8.611100197,4.650000095,3080,35,15,7.572700024,52600,0.441500008,12,12,5,0,4,43.30001068
1,1799,0,0,47,10,3.66869998,3.25,1920,48,10,7.8125,25360,0.661499977,3,7,7.5,1,29,18.76000786
1,1984,0,1,39,9,2.318500042,2.299999952,2420,47,4,1.983500004,9400,0.75150001,9,9,7.5,0,21,4.800096035
1,1839,0,0,49,12,2.881999969,3.269999981,2205,53,15,9.523799896,26800,0.621500015,12,12,11,1,24,21.50000191
1,1579,0,3,37,12,3.166599989,0,3035,39,14,6.425000191,33040,0.661499977,12,7,7.5,1,19,28.03993797
1,96,0,0,59,16,3.645800114,0,2185,60,15,10.98400021,26350,0.621500015,14,12,7.5,1,31,26.00000381
1,1920,0,0,50,12,6.25,5.46999979,1880,56,12,12.76599979,39000,0.521499991,7,7,14,1,28,27
1,1688,0,1,32,17,10.2489996,9.800000191,1863,33,17,9.554499626,35100,0.610000014,12,12,9.5,1,15,17.79968834
1,1589,0,0,46,12,3.209599972,5.539999962,2456,48,16,5.49669981,22502,0.661499977,12,12,11,0,27,17.40194511
1,345,0,2,43,17,7.652200222,5,1847,46,17,9.761799812,21950,0.691500008,12,14,14,0,13,19.30999184
1,1521,0,3,37,11,1.97239995,2.299999952,2000,42,6,5,13000,0.75150001,7,7,7.5,0,4,9.999979973
1,1490,0,2,32,16,4.697999954,3.900000095,1856,35,14,5.999499798,18180,0.721499979,12,14,9,1,10,11.17998028
1,989,0,1,39,11,2.123399973,2.75999999,1880,43,14,6.914899826,20957,0.691500008,10,10,9,1,8,18.85695648
1,600,0,2,34,13,2.333300114,2.900000095,3020,35,12,4.966899872,13700,0.721499979,12,12,7.5,0,4,12.30002022
1,2646,0,1,39,11,2.389600039,0,2646,41,8,2.389600039,20000,0.691500008,7,7,5,1,18,13.6771183
1,2149,0,3,45,8,1.256399989,2.5,1640,48,9,4.512199879,12260,0.75150001,7,7,5,1,3,9.559996605
1,320,0,0,50,11,1.093799949,0,1950,54,11,9.230799675,24850,0.661499977,3,12,7.5,1,11,24.49998474
1,1600,0,1,40,12,3.75,3.299999952,1920,39,12,11.45800018,29150,0.581499994,12,7,7.5,1,8,23.14999962
1,2419,0,1,30,10,3.307199955,3.900000095,2025,34,12,7.699299812,23591,0.661499977,7,7,11,1,10,15.59088326
1,2005,0,0,57,17,5.135200024,5.25,2470,56,17,4.183000088,24717,0.661499977,16,12,11,1,33,14.42092419
1,1960,0,1,39,12,6.632699966,3.599999905,1800,43,12,8.333299637,30455,0.621500015,12,12,9,1,19,17.45490837
1,2147,0,0,53,12,4.564499855,4.900000095,1920,56,8,5.104199886,19600,0.691500008,12,12,7.5,1,35,9.800019264
1,1207,0,1,48,17,11.84799957,7.150000095,2039,53,17,8.227100372,31875,0.639999986,7,12,5,1,21,17.5744648
1,2000,0,1,46,14,3.75,3.75,2570,48,16,5.663400173,24055,0.661499977,14,14,7.5,0,7,16.55500031
1,1260,0,0,47,12,4.365099907,4.349999905,1914,54,12,5.222000122,18795,0.721499979,7,10,7.5,0,18,13.29497433
1,90,0,1,43,12,3.933300018,4,1516,47,10,7.190000057,12198,0.75150001,7,7,7.5,0,4,11.84400272
1,1800,0,0,47,12,3.333300114,3.25,2520,47,16,13.90699959,52645,0.49149999,12,7,7.5,1,12,46.64506149
1,573,0,1,47,12,3.315900087,2.200000048,2327,48,12,6.016300201,16600,0.721499979,10,7,14,0,16,14.69998932
1,1825,0,0,47,12,3.56159997,3,2188,50,12,7.678199768,32590,0.621500015,7,7,7.5,1,14,26.09008026
1,75,0,0,46,12,1.600000024,0,1864,48,12,5.311200142,10020,0.75150001,3,7,7.5,1,3,9.899999619
1,1348,0,4,34,9,2.225500107,2.299999952,2183,33,10,4.122799873,12048,0.75150001,7,7,11,0,1,9.048026085
1,1880,0,0,48,10,4.787199974,4.25,1920,55,12,7.8125,39750,0.621500015,7,7,11,0,27,30.75006485
1,1240,0,1,30,12,5.806499958,6.900000095,1824,31,12,4.60529995,15700,0.721499979,10,7,7.5,1,12,8.499939919
1,848,0,1,51,12,2.358500004,2.299999952,2878,54,12,3.974600077,24250,0.661499977,7,7,3,0,6,22.24999237
1,150,0,5,52,12,2,0,2390,54,16,15.06299973,43210,0.521499991,7,12,14,1,9,42.90999985
1,2000,0,2,37,12,1.899999976,1.850000024,3120,39,13,4.506400108,37100,0.621500015,12,12,5,0,2,33.29999924
1,1952,0,2,32,12,5.123000145,3.25,2040,33,12,5.882400036,23820,0.661499977,12,7,5,0,6,13.81990337
1,1456,0,2,36,17,5.49450016,6.039999962,2151,35,15,10.22799969,31600,0.581499994,12,14,5,1,9,23.60000801
1,1740,0,2,35,12,6.321800232,5.5,1976,37,14,6.57889986,24000,0.661499977,10,10,7.5,1,16,13.00006771
1,1400,0,0,45,17,7.14289999,7.139999866,2286,51,16,8.814499855,30750,0.581499994,14,12,5,0,22,20.74994087
1,2000,0,0,56,12,2.375,2.700000048,2032,60,10,2.952800035,11050,0.75150001,7,7,14,0,26,6.300000191
1,1750,0,2,40,10,2.542900085,2.74000001,1680,45,4,4.517300129,12239,0.75150001,7,7,14,0,11,7.788924694
1,1101,1,2,45,12,2.179800034,2.299999952,1560,49,14,5.128200054,12870,0.75150001,14,12,7.5,1,11,10.47004032
1,2000,0,2,32,12,2.599999905,2.5,2895,30,12,4.145100117,17200,0.721499979,10,7,7.5,0,15,12
1,1877,0,0,45,12,3.72939992,3.599999905,1820,50,8,8.791199684,23980,0.661499977,10,10,7.5,0,13,16.97991562
1,160,0,2,40,12,4.375,1.850000024,2450,44,12,7.306099892,18600,0.691500008,7,12,14,1,6,17.89999962
1,1886,0,1,38,12,4.44329977,4,1748,42,8,6.006899834,23920,0.691500008,7,10,9.5,1,20,15.53993702
1,1446,0,4,49,12,4.287700176,4.400000095,1020,45,12,8.333299637,16084,0.75150001,7,7,14,1,17,9.883985519
1,1500,0,1,47,16,1.666700006,1.5,2342,49,17,11.52900028,31100,0.581499994,14,14,11,1,8,28.59995079
1,860,0,0,52,13,3.255800009,5.829999924,2250,53,12,6.666699886,20460,0.661499977,7,7,11,1,13,17.66001129
1,1848,0,1,34,13,5.411300182,6,2880,40,16,8.680600166,36000,0.551500022,12,12,7.5,1,15,25.99991798
1,1678,0,2,44,12,2.204999924,2.299999952,2032,46,12,3.467999935,17302,0.721499979,14,12,3,0,14,13.60200977
1,160,0,3,36,16,4.0625,0,3120,42,16,3.032099962,16450,0.721499979,14,7,3,0,14,15.80000019
1,108,0,0,50,17,0.648199975,0,1760,57,16,13.80700016,41170,0.581499994,14,16,9.5,1,6,41.09999466
1,1738,0,0,45,12,5.382599831,6.179999828,1725,47,12,6.217400074,20130,0.661499977,0,0,7.5,1,24,10.77504158
1,1170,0,2,44,14,0.170900002,0,2080,46,13,4.230800152,9200,0.75150001,16,12,9.5,1,10,9.00004673
1,15,0,2,57,12,23.46699905,0,2040,57,10,11.47000027,24751,0.661499977,7,7,11,1,2,24.39899445
1,2088,0,0,35,17,9.578499794,9.979999542,2940,42,17,12.24499989,57300,0.5,12,17,9.5,1,9,37.30009079
1,2490,0,0,46,12,3.6947999,3.769999981,2280,52,12,9.210499763,37200,0.581499994,7,7,7.5,1,23,27.9999485
1,135,2,1,30,14,2.222199917,0,2164,35,16,6.330900192,14000,0.721499979,10,12,14,1,12,13.70000267
1,1944,0,3,42,12,1.748999953,2.299999952,1999,44,12,7.803899765,20610,0.691500008,7,3,14,0,8,17.20994377
1,690,0,1,34,12,1.159399986,2.25,1824,36,13,7.67539978,14800,0.721499979,10,7,7.5,1,16,14.00001431
1,608,0,2,45,17,6.990099907,3,2182,47,16,15.58199978,40005,0.551500022,10,14,14,1,10,35.75502014
1,63,1,2,35,16,3.968300104,0,2385,37,16,9.643600464,23750,0.661499977,14,7,14,1,7,23.49999619
1,154,0,0,40,16,21.42900085,8.130000114,2460,44,17,12.88599968,35300,0.551500022,7,12,14,1,19,31.99993324
1,420,0,1,32,12,0.476200014,2.849999905,2595,35,16,6.551099777,17350,0.691500008,12,12,7.5,1,2,17.1499958
1,651,0,0,54,9,2.150500059,1.440000057,2400,57,10,8.25,21650,0.661499977,7,7,7.5,1,9,20.2500248
1,675,0,3,38,12,1.857800007,2.200000048,3120,42,8,1.379199982,6740,0.791499972,7,7,14,0,14,5.485984802
1,1663,0,3,43,12,4.329500198,3.599999905,2850,42,12,5.263199806,32275,0.691500008,12,14,5,1,9,25.07504082
1,1680,0,0,54,16,8.928600311,7,760,60,12,10.52600002,33220,0.720000029,14,7,9.5,1,16,18.21995163
1,180,0,3,39,14,2.777800083,4,2500,37,17,10,26500,0.621500015,12,12,7.5,1,7,25.99999619
1,1581,0,1,37,12,2.656500101,3.25,2630,39,14,12.54800034,38700,0.521499991,7,12,5,1,6,34.50007248
1,1200,0,2,46,12,2.5,3.079999924,2597,48,8,4.620699883,15400,0.721499979,7,7,5,1,22,12.39999962
1,450,0,0,56,11,18.2670002,0,2760,60,11,1.853999972,19007,0.691500008,7,7,3,0,9,10.78684998
1,547,0,3,41,12,0.819000006,2,2070,44,8,7.426599979,16771,0.721499979,12,7,7.5,0,9,16.32300758
1,300,0,1,45,16,2,0,2256,48,16,13.29800034,31100,0.581499994,16,7,11,1,14,30.5
1,975,0,1,44,17,15.38500023,8.5,1505,47,16,26.57799911,66300,0.5,3,3,7.5,1,17,51.2996254
1,1621,0,1,50,17,6.477499962,0,2364,52,17,13.95899963,43550,0.49149999,16,12,5,0,12,33.04997253
1,300,0,5,37,14,8.333299637,3.5,2895,38,14,13.1260004,37250,0.621500015,7,7,11,0,13,34.75001144
1,1868,0,1,44,12,4.550300121,4.25,2041,46,12,7.888299942,24900,0.661499977,16,7,14,0,8,16.40003967
1,1803,0,2,32,14,2.495800018,1.899999976,2195,34,17,8.656000137,24200,0.661499977,7,14,9.5,1,10,19.70007324
1,2143,1,1,34,12,4.479700089,4.800000191,1935,40,12,3.410900116,16200,0.721499979,10,10,14,0,16,6.600002766
1,1080,0,2,32,10,2.23239994,2.299999952,1950,35,10,4.625599861,11431,0.75150001,10,10,7.5,0,1,9.020008087
1,1352,0,3,37,12,2.071000099,1.799999952,2375,38,14,4.210499763,13200,0.75150001,10,10,11,0,6,10.4000082
1,537,0,1,44,13,1.675999999,0,1920,55,8,4.270800114,15420,0.771499991,10,10,9,1,4,14.51998806
1,352,0,2,34,16,3.409100056,0,3300,33,12,3.342400074,18400,0.691500008,12,12,14,0,8,17.19999695
1,200,1,3,33,12,2.5,8,3680,33,16,8.635899544,43500,0.49149999,10,3,5,1,4,43
1,2045,0,3,43,7,3.960900068,4.070000172,1968,43,12,6.758100033,21972,0.691500008,7,7,7.5,1,15,13.87195969
1,1253,0,2,35,16,6.227499962,3.970000029,2504,33,10,0.584299982,7774,0.771499991,16,16,11,0,7,-0.029057452
1,1960,0,1,43,14,3.928600073,3.849999905,2000,45,14,5.335000038,24470,0.691500008,7,7,7.5,0,14,16.76994324
1,2000,0,0,34,12,2.900000095,2.5,1656,37,12,4.710100174,13600,0.721499979,7,7,7.5,0,16,7.799999714
1,1960,0,3,36,10,4.081600189,4.550000191,1968,39,7,4.979700089,22500,0.721499979,7,0,7.5,0,15,14.5000639
1,2000,0,2,41,12,2.849999905,4.199999809,2016,41,12,2.976200104,13600,0.721499979,7,7,14,0,23,7.900000095
1,1568,0,0,41,16,7.015299797,6.309999943,2602,44,17,12.74400043,90800,0.441500008,7,7,7.5,0,19,79.80001068
1,1225,0,3,35,10,2.938800097,2.400000095,1560,43,9,3.846199989,10776,0.75150001,10,10,7.5,0,4,7.175970078
1,780,1,3,32,12,1.923099995,3.25,1827,37,10,7.22329998,19007,0.75150001,10,7,5,1,12,17.5069828
1,480,0,0,30,14,6.875,0,2080,34,14,8.807700157,23900,0.661499977,12,12,14,1,12,20.60000038
1,1923,0,0,43,12,3.90019989,4.739999771,3390,47,12,5.386400223,26060,0.621500015,7,7,7.5,1,25,18.55991554
1,2000,0,0,54,6,2,0,2524,57,6,3.684600115,13300,0.721499979,7,7,7.5,0,14,9.300000191
1,2110,0,2,35,15,4.976299763,4.369999886,2777,34,12,1.843700051,15620,0.721499979,7,7,7.5,0,14,5.120007515
1,1664,0,0,50,12,1.201900005,5,3120,54,13,1.301300049,16500,0.721499979,7,7,7.5,0,11,14.50003815
1,48,1,1,34,17,22.5,0,2700,36,17,7.222199917,20880,0.691500008,14,16,5,1,7,19.79999924
1,1791,0,0,52,14,6.8677001,6.179999828,1904,57,12,7.352900028,30600,0.661499977,14,12,9.5,1,18,18.29994965
1,1404,0,3,35,13,3.561300039,5.300000191,2360,38,14,11.86400032,39000,0.621500015,7,10,9,1,4,33.99993515
1,1920,0,0,55,6,1.979200006,2.579999924,1960,58,8,5.332699776,15428,0.721499979,7,7,7.5,0,37,11.62793636
1,2141,0,0,35,16,5.37130022,6,2000,42,16,5.5,23300,0.661499977,7,7,7.5,0,13,11.80004597
1,1720,0,1,49,14,1.744199991,0,2600,45,16,7.230800152,42100,0.521499991,16,16,9.5,1,14,39.09997559
1,3533,2,2,38,15,5.094799995,8.5,2000,38,9,7,36430,0.639999986,12,7,9.5,1,17,18.43007088
1,2000,0,2,42,14,2.5,0,2218,45,14,7.213699818,26000,0.691500008,7,7,9.5,1,5,21
1,800,0,1,48,8,3.825000048,2.299999952,2000,52,5,4.5,62060,0.75150001,7,7,7.5,0,2,59
1,3000,0,0,51,14,1,0,2595,53,16,8.863200188,28300,0.621500015,12,12,9.5,1,0,25.29999924
1,293,0,2,43,12,3.071700096,4,2400,47,12,9.333299637,24149,0.661499977,12,10,7.5,1,3,23.24899101
1,1872,0,1,43,12,1.716300011,0,2856,48,12,3.826299906,28141,0.661499977,12,10,7.5,1,21,24.92808723
1,2058,0,1,38,12,4.020899773,4,2601,38,14,5.4447999,23057,0.661499977,10,10,7.5,1,20,14.78198814
1,1832,0,1,44,12,5.458499908,4.949999809,2054,48,9,8.763400078,28900,0.621500015,3,7,7.5,1,19,18.90002823
1,120,1,3,36,12,25,9.979999542,2500,35,12,8.399999619,24000,0.661499977,12,10,9.5,1,4,21
1,1632,0,0,38,12,2.389699936,2.299999952,1960,31,12,5.102000237,13900,0.721499979,12,12,7.5,0,19,10.00000954
1,778,0,0,47,8,3.213399887,7.25,2058,51,8,7.410099983,31810,0.691500008,12,12,5,1,11,29.30997467
1,1984,0,2,34,12,3.377000093,3.140000105,2410,49,10,5.352700233,19840,0.691500008,7,7,7.5,0,14,13.14003181
1,225,1,2,40,17,1.777799964,0,1278,38,17,19.56200027,25490,0.661499977,16,17,14,1,8,25.08999443
1,1960,0,1,31,12,3.163300037,3.180000067,2875,35,12,5.078299999,20800,0.691500008,12,12,7.5,0,13,14.59993172
1,444,0,0,46,12,2.7026999,0,2340,49,12,0.512799978,2400,0.801500022,10,16,7.5,1,24,1.20000124
1,384,0,3,36,14,1.692700028,0,3060,43,17,5.40199995,32650,0.581499994,10,10,14,1,1,32.00000381
1,1170,1,2,39,13,0.213699996,0,1920,47,12,7.864600182,16370,0.721499979,12,16,11,1,1,16.11997032
1,1330,0,2,36,17,6.766900063,4.5,3390,38,12,6.053100109,35500,0.551500022,7,7,14,0,3,26.50002289
1,1350,0,4,37,8,1.740700006,2.099999905,2400,41,12,5,15100,0.75150001,7,7,3,0,4,12.75005531
1,480,0,4,39,12,2.5,0,1640,40,11,7.682899952,14100,0.75150001,7,9,3,0,21,12.89999962
1,1984,1,3,36,11,4.485899925,3.25999999,1656,38,8,6.038599968,19600,0.721499979,7,3,14,0,10,10.69997501
1,1944,0,2,49,12,2.572000027,2.700000048,1920,53,16,5.850999832,19434,0.721499979,7,7,5,1,13,14.43403149
1,50,1,1,45,12,3.460000038,5,1780,46,10,6.741600037,23882,0.721499979,7,7,9.5,1,9,23.70899963
1,460,2,0,32,17,4.782599926,0,1850,31,17,8.108099937,17300,0.721499979,7,7,7.5,0,14,15.1000042
1,680,0,5,36,10,2.311800003,0,3430,43,12,5.306099892,19772,0.721499979,7,7,7.5,0,2,18.19997597
1,2450,0,1,40,12,5.306099892,6.5,2008,40,8,7.270899773,35641,0.621500015,7,7,5,1,21,22.64105606
1,2144,0,2,43,13,5.867499828,0,2140,43,11,8.177599907,34220,0.581499994,7,7,7.5,1,22,21.6400795
1,1760,0,1,33,12,3.409100056,3.210000038,3380,34,12,7.100599766,30000,0.581499994,12,16,11,1,14,23.99998474
1,490,0,1,30,12,4.081600189,2.460000038,2430,33,11,6.584400177,18000,0.691500008,12,12,7.5,1,7,16.00001526
0,0,0,1,49,12,NA,0,2550,54,15,7.852900028,21025,0.661499977,14,12,7.5,1,2,21.02499962
0,0,2,0,30,16,NA,0,1928,34,16,11.9289999,23600,0.661499977,14,7,9.5,1,5,23.60000038
0,0,1,0,30,12,NA,0,1100,39,17,18,22800,0.661499977,12,12,7.5,0,12,22.79999924
0,0,0,4,41,12,NA,0,3193,40,16,10.02200031,35910,0.581499994,7,7,7.5,1,1,35.90999985
0,0,0,1,45,12,NA,0,2250,46,16,9.333299637,21700,0.661499977,7,7,5,1,12,21.70000076
0,0,0,5,43,12,NA,0,2012,44,13,6.085000038,21823,0.75150001,7,7,7.5,1,4,21.82299995
0,0,0,1,42,13,NA,0,3856,46,15,5.70539999,31000,0.661499977,10,7,11,1,9,31
0,0,0,0,60,12,NA,0,1645,58,12,9.118499756,15300,0.721499979,7,7,7.5,1,9,15.30000019
0,0,0,0,57,12,NA,0,1554,57,12,7.20720005,12925,0.721499979,9,3,7.5,1,6,12.92500019
0,0,0,2,38,10,NA,0,2352,41,8,5.314599991,15830,0.75150001,12,7,5,0,5,15.82999992
0,0,0,0,56,12,NA,0,1980,58,12,8.282799721,30200,0.691500008,12,12,7.5,1,5,30.20000076
0,0,0,3,32,12,NA,0,2352,37,7,7.057799816,16600,0.721499979,10,7,5,0,8,16.60000038
0,0,0,1,49,7,NA,0,1784,58,6,6.16590023,11000,0.75150001,7,7,7.5,1,2,11
0,0,0,0,55,12,NA,0,2500,58,12,2.700000048,15000,0.721499979,7,10,3,0,6,15
0,0,1,1,36,9,NA,0,2088,39,14,7.662799835,20528,0.721499979,7,7,11,0,0,20.52799988
0,0,0,3,44,12,NA,0,4640,50,12,1.849099994,13126,0.75150001,9,9,14,0,3,13.1260004
0,0,0,1,44,10,NA,0,3900,60,12,3.846199989,15550,0.721499979,7,14,7.5,1,7,15.55000019
0,0,1,2,35,14,NA,0,1988,34,17,9.054300308,18010,0.721499979,3,12,7.5,1,3,18.01000023
0,0,2,3,44,14,NA,0,1920,45,10,9.375,18874,0.721499979,10,10,14,0,10,18.87400055
0,0,0,1,45,12,NA,0,2400,45,12,8.333299637,24800,0.661499977,12,12,14,1,3,24.79999924
0,0,1,0,34,12,NA,0,1867,38,12,9.373299599,17500,0.691500008,12,17,5,1,2,17.5
0,0,2,0,30,17,NA,0,3570,32,17,4.481800079,16150,0.721499979,12,12,7.5,1,12,16.14999962
0,0,0,1,39,8,NA,0,2805,44,12,5.347599983,15189,0.721499979,7,3,3,0,15,15.18900013
0,0,0,2,36,12,NA,0,1110,39,15,3.2026999,6000,0.781499982,7,7,14,0,5,6
0,0,0,2,38,17,NA,0,2695,42,16,12.80099964,37250,0.551500022,10,12,9.5,1,4,37.25
0,0,0,0,53,12,NA,0,1950,54,16,6.910299778,27760,0.621500015,10,10,7.5,1,10,27.76000023
0,0,0,2,36,12,NA,0,2128,42,12,4.229300022,9090,0.771499991,7,7,3,0,1,9.090000153
0,0,1,1,32,12,NA,0,3260,31,12,4.447899818,14500,0.721499979,12,7,7.5,1,8,14.5
0,0,0,3,51,9,NA,0,1987,51,12,8.052300453,19700,0.721499979,7,7,14,1,20,19.70000076
0,0,0,0,38,11,NA,0,2185,46,11,7.505700111,16788,0.691500008,10,7,14,1,4,16.78800011
0,0,2,0,33,12,NA,0,2475,36,12,7.474699974,18520,0.691500008,10,10,11,1,7,18.52000046
0,0,0,0,54,12,NA,0,2610,53,12,6.321800232,20950,0.691500008,16,10,9.5,1,10,20.95000076
0,0,0,3,38,9,NA,0,1920,44,12,2.135400057,7574,0.801500022,7,3,11,0,3,7.573999882
0,0,2,2,30,11,NA,0,2352,31,14,4.209199905,10027,0.771499991,7,7,3,0,5,10.02700043
0,0,2,3,34,12,NA,0,3160,30,12,0.759500027,5000,0.941500008,12,12,7.5,0,10,5
0,0,0,1,34,9,NA,0,1040,37,13,4.807700157,7040,0.791499972,12,7,3,0,0,7.039999962
0,0,0,2,50,12,NA,0,3120,49,12,12.78800011,40800,0.521499991,10,7,7.5,1,3,40.79999924
0,0,2,0,30,17,NA,0,2240,30,16,7.14289999,16050,0.721499979,12,12,11,0,10,16.04999924
0,0,0,2,38,12,NA,0,1980,42,16,15.15200043,33100,0.581499994,10,7,11,1,2,33.09999847
0,0,0,0,54,14,NA,0,1960,58,14,7.908199787,33856,0.721499979,12,12,9.5,1,10,33.85599899
0,0,1,2,30,12,NA,3,2940,31,17,6.972799778,20500,0.691500008,12,12,7.5,1,4,20.5
0,0,0,0,55,12,NA,0,2467,56,11,4.91809988,28600,0.581499994,7,7,5,1,0,28.60000038
0,0,0,1,51,10,NA,0,2256,56,12,8.311200142,18750,0.691500008,10,10,11,0,10,18.75
0,0,0,1,44,12,NA,0,1680,46,12,7.14289999,20300,0.721499979,7,7,9.5,1,5,20.29999924
0,0,0,0,53,12,NA,0,2250,55,12,5.688899994,13420,0.721499979,7,7,5,0,0,13.42000008
0,0,0,2,42,10,NA,0,2400,49,9,7.083300114,18400,0.721499979,3,3,5,0,0,18.39999962
0,0,0,2,38,12,NA,0,2196,42,11,5.692200184,16682,0.721499979,10,7,7.5,0,19,16.68199921
0,0,1,3,38,13,NA,0,2400,40,12,11.39999962,32685,0.621500015,7,7,7.5,1,2,32.68500137
0,0,1,4,41,12,NA,0,3825,41,11,1.415199995,7050,0.801500022,3,3,9.5,1,12,7.050000191
0,0,0,3,35,8,NA,0,2860,44,9,2.750699997,10867,0.781499982,12,7,9.5,1,5,10.86699963
0,0,1,2,33,12,NA,2.75,2750,34,12,6.618199825,18220,0.721499979,12,12,9.5,1,5,18.21999931
0,0,0,0,48,13,NA,0,2103,50,16,9.272500038,26613,0.691500008,7,7,7.5,0,5,26.61300087
0,0,0,0,47,12,NA,0,1880,51,12,12.2869997,25000,0.621500015,12,10,7.5,1,10,25
0,0,0,5,34,12,NA,0,3185,41,13,2.854899883,15700,0.75150001,7,7,7.5,1,0,15.69999981
0,0,2,1,33,13,NA,0,2677,37,17,7.970900059,40250,0.521499991,12,10,5,1,4,40.25
0,0,3,1,31,13,NA,0,3600,36,17,19.44400024,73600,0.441500008,12,16,11,0,3,73.59999847
0,0,0,0,58,8,NA,0,4334,58,8,1.480599999,10592,0.75150001,12,7,7.5,1,2,10.59200001
0,0,0,0,49,12,NA,0,2874,52,8,1.891800046,8000,0.75150001,7,7,3,0,1,8
0,0,0,1,55,8,NA,0,1936,56,9,6.921500206,13400,0.721499979,7,3,7.5,1,0,13.39999962
0,0,0,0,44,14,NA,1.5,1964,49,8,10.69200039,23700,0.661499977,12,12,14,1,1,23.70000076
0,0,0,0,44,9,NA,0,1900,48,8,9.947400093,18900,0.691500008,7,7,11,1,1,18.89999962
0,0,0,3,36,16,NA,0,2500,37,17,19,48300,0.461499989,7,12,9.5,1,6,48.29999924
0,0,0,3,38,12,NA,0,3173,46,14,7.488200188,24470,0.661499977,14,14,9.5,1,12,24.46999931
0,0,0,3,37,16,NA,0,2916,38,17,9.258999825,28630,0.621500015,16,7,7.5,1,6,28.62999916
0,0,0,0,47,12,NA,0,2208,51,12,11.32199955,25320,0.621500015,12,7,5,1,9,25.31999969
0,0,0,3,47,12,NA,0,2094,47,10,6.447000027,13530,0.75150001,12,10,7.5,1,14,13.52999973
0,0,1,1,32,12,NA,0,2250,33,12,6.577799797,14800,0.721499979,7,7,9,1,13,14.80000019
0,0,1,2,43,12,NA,0,2000,46,12,6.099999905,17400,0.75150001,12,7,7.5,0,8,17.39999962
0,0,1,4,42,11,NA,0,2600,48,10,4.230800152,15980,0.781499982,10,10,3,0,0,15.97999954
0,0,0,0,56,12,NA,0,4368,57,8,2.217000008,16576,0.721499979,7,7,7.5,0,1,16.57600021
0,0,0,5,38,13,NA,2.25,3068,40,16,6.518899918,21850,0.691500008,12,7,11,1,3,21.85000038
0,0,0,2,52,12,NA,0,2218,51,11,6.492300034,14600,0.721499979,7,7,14,1,13,14.60000038
0,0,0,0,50,12,NA,0,1848,56,12,11.36400032,21600,0.661499977,12,12,7.5,1,3,21.60000038
0,0,0,0,33,16,NA,0,2430,33,17,9.87650013,24000,0.661499977,12,12,7.5,1,8,24
0,0,0,2,44,16,NA,0,2640,44,17,7.657599926,20883,0.691500008,7,7,7.5,1,8,20.88299942
0,0,0,1,41,12,NA,0,2108,42,16,8.301699638,19500,0.691500008,7,7,14,0,18,19.5
0,0,0,1,45,12,NA,0,1998,45,12,14.11400032,42800,0.621500015,14,12,11,1,2,42.79999924
0,0,0,0,53,14,NA,0,2500,55,16,16,41500,0.521499991,7,7,7.5,0,3,41.5
0,0,0,0,53,14,NA,0,1665,56,17,11.29100037,18965,0.691500008,12,12,14,1,5,18.96500015
0,0,0,1,42,12,NA,0,2990,46,12,2.33949995,16100,0.721499979,12,10,9.5,1,2,16.10000038
0,0,2,0,32,13,NA,0,1795,35,16,7.799399853,14700,0.721499979,12,17,7.5,1,10,14.69999981
0,0,0,0,56,12,NA,0,2500,53,12,6,18800,0.721499979,7,7,7.5,1,30,18.79999924
0,0,1,3,37,11,NA,0,2205,40,11,6.68930006,14750,0.75150001,10,7,11,1,1,14.75
0,0,1,2,40,12,NA,0,2460,42,14,8.536600113,21000,0.691500008,12,7,14,1,5,21
0,0,0,3,54,15,NA,0,1880,55,16,13.82999992,35400,0.621500015,0,7,7.5,1,8,35.40000153
0,0,0,0,53,7,NA,0,3481,53,9,1.480000019,10700,0.75150001,7,7,7.5,0,0,10.69999981
0,0,0,1,48,12,NA,0,2450,51,12,8.571399689,24500,0.661499977,7,7,9.5,1,4,24.5
0,0,1,2,36,12,NA,0,2062,38,14,8.22990036,17045,0.721499979,7,7,9.5,1,2,17.04500008
0,0,0,0,57,12,NA,0,2146,52,14,8.387700081,18800,0.691500008,7,7,7.5,1,30,18.79999924
0,0,0,0,51,12,NA,0,1575,49,7,7.365099907,14000,0.721499979,10,7,14,1,25,14
0,0,0,4,33,13,NA,0,3096,37,12,3.441499949,18214,0.721499979,7,0,3,0,3,18.2140007
0,0,0,0,52,12,NA,0,3280,49,11,3.353699923,20177,0.75150001,7,7,7.5,1,20,20.17700005
0,0,0,0,56,10,NA,0,1680,60,8,2.976200104,8300,0.781499982,0,7,7.5,1,20,8.300000191
0,0,1,2,36,12,NA,0,2625,38,11,5.181000233,14200,0.75150001,14,9,7.5,1,0,14.19999981
0,0,1,0,36,14,NA,0,1846,50,16,10.29300022,21768,0.691500008,12,12,7.5,0,15,21.76799965
0,0,0,1,46,12,NA,0,2178,47,10,13.24300003,29553,0.581499994,10,7,14,1,10,29.5529995
0,0,0,3,31,10,NA,0,960,33,9,3.645800114,4350,0.941500008,7,7,7.5,0,4,4.349999905
0,0,0,0,52,11,NA,0,2210,51,12,10.40699959,24000,0.661499977,7,7,11,1,3,24
0,0,0,2,46,12,NA,0,2192,55,12,8.211700439,18300,0.691500008,7,7,7.5,1,10,18.29999924
0,0,2,0,35,12,NA,0,1960,44,16,8.673500061,17200,0.721499979,7,3,7.5,1,9,17.20000076
0,0,0,0,59,12,NA,0,1920,56,10,8.320799828,16476,0.691500008,7,7,14,0,7,16.47599983
0,0,0,1,36,8,NA,0,2286,40,12,4.287000179,13400,0.75150001,0,0,14,0,12,13.39999962
0,0,1,3,51,7,NA,0,2000,52,7,10.5,44988,0.521499991,3,3,14,0,0,44.98799896
0,0,1,0,31,16,NA,0,2256,31,12,7.978700161,18200,0.691500008,12,12,9,1,16,18.20000076
0,0,0,2,31,14,NA,0,2370,36,17,11.81400013,28000,0.621500015,12,12,14,1,4,28
0,0,1,1,32,12,NA,0,1800,39,13,6.111100197,11550,0.75150001,12,12,7.5,1,7,11.55000019
0,0,1,2,35,16,NA,0,2250,38,16,12.57800007,28450,0.621500015,12,7,14,1,7,28.45000076
0,0,0,3,40,12,NA,4.099999905,1080,43,12,11.24400043,15096,0.75150001,7,10,7.5,1,14,15.09599972
0,0,1,2,33,10,NA,0,2840,38,12,2.740799904,8009,0.781499982,7,7,14,0,2,8.008999825
0,0,0,0,54,7,NA,0,2250,52,11,4.444399834,10040,0.75150001,0,0,3,1,20,10.03999996
0,0,1,1,36,12,NA,0,2746,37,12,5.826700211,16700,0.721499979,12,12,7.5,1,5,16.70000076
0,0,0,1,50,10,NA,0,2300,60,8,2.347800016,8400,0.781499982,12,7,3,0,10,8.399999619
0,0,0,0,54,8,NA,0,2860,49,8,4.475500107,13000,0.721499979,0,0,3,0,20,13
0,0,0,1,48,11,NA,0,1765,49,12,8.498600006,17970,0.721499979,7,7,7.5,1,10,17.96999931
0,0,0,4,41,15,NA,0,2520,42,16,7.182499886,18450,0.721499979,14,17,5,0,8,18.45000076
0,0,0,4,50,12,NA,0,2208,53,12,10.86999989,31000,0.661499977,12,7,14,1,11,31
0,0,0,2,46,12,NA,0,2119,51,8,7.122200012,24135,0.721499979,10,7,7.5,1,3,24.13500023
0,0,0,1,42,13,NA,0,2580,47,17,10.65919971,31700,0.581499994,12,12,7.5,0,6,31.70000076
0,0,1,2,31,9,NA,0,1984,34,12,3.276200056,10190,0.791499972,3,3,14,0,4,10.18999958
0,0,0,0,53,12,NA,0,1880,58,8,7.752099991,21574,0.721499979,10,10,14,0,4,21.5739994
0,0,0,1,51,12,NA,0,2185,57,12,11.94499969,26680,0.621500015,3,3,7.5,1,9,26.68000031
0,0,0,1,47,12,NA,0,2080,57,12,4.615399837,17700,0.75150001,7,9,11,1,10,17.70000076
0,0,0,1,50,12,NA,0,1920,50,12,13.02099991,29400,0.621500015,12,12,14,1,3,29.39999962
0,0,0,1,37,6,NA,0,3000,52,5,2.666699886,22159,0.75150001,7,7,7.5,0,2,22.1590004
0,0,2,2,30,12,NA,0,2100,31,12,8.833299637,35000,0.581499994,12,12,11,0,2,35
0,0,0,0,49,12,NA,0,1690,39,12,2.366899967,8630,0.791499972,16,16,5,1,0,8.630000114
0,0,0,2,52,12,NA,0,2600,49,16,5,17080,0.75150001,7,0,14,1,8,17.07999992
0,0,0,2,47,12,NA,0,1984,49,16,7.459700108,32500,0.721499979,10,7,14,1,6,32.5
0,0,0,0,49,12,NA,0,2064,53,12,7.751900196,16000,0.721499979,7,7,11,1,15,16
0,0,0,4,44,12,NA,0,2553,31,16,5.405399799,18850,0.75150001,12,10,14,1,15,18.85000038
0,0,0,0,53,8,NA,0,2776,59,9,6.123899937,17500,0.691500008,9,9,9.5,1,9,17.5
0,0,1,0,30,12,NA,0,2315,31,13,8.336899757,19392,0.691500008,7,12,14,0,8,19.3920002
0,0,0,2,54,12,NA,0,1880,55,12,7.127699852,14450,0.721499979,7,10,7.5,1,18,14.44999981
0,0,1,1,47,7,NA,0,2160,51,7,6.120399952,21800,0.691500008,0,0,7.5,1,3,21.79999924
0,0,0,0,56,15,NA,0,900,56,12,3.111099958,7700,0.75150001,7,7,14,1,10,7.699999809
0,0,0,1,49,12,NA,0,2467,52,16,12.16100025,31800,0.581499994,7,7,11,0,6,31.79999924
0,0,0,0,48,6,NA,0,1820,55,12,5.384600163,17258,0.75150001,7,7,9.5,1,20,17.25799942
0,0,0,1,49,12,NA,0,2223,53,10,3.983799934,13399,0.75150001,10,12,9.5,0,8,13.39900017
0,0,0,1,56,12,NA,0,2142,60,12,7.46969986,16073,0.721499979,12,16,11,0,3,16.07299995
0,0,0,0,46,12,NA,0,1928,46,11,11.41100025,23260,0.661499977,7,7,7.5,1,4,23.26000023
0,0,0,2,45,12,NA,0,2783,49,17,12.93599987,37300,0.551500022,12,12,14,1,13,37.29999924
0,0,0,2,32,12,NA,0,1960,35,12,5.612199783,11000,0.75150001,12,7,11,1,4,11
0,0,1,1,43,12,NA,2.700000048,1920,41,12,6.809899807,13075,0.75150001,7,7,14,1,17,13.07499981
0,0,1,1,34,12,NA,0,1587,39,12,8.50660038,13700,0.721499979,7,7,9.5,1,4,13.69999981
0,0,1,1,30,12,NA,0,2496,51,10,5.507999897,25100,0.661499977,7,10,5,0,0,25.10000038
0,0,2,0,38,17,NA,4.800000191,2280,39,12,7.228499889,18600,0.691500008,12,16,5,1,15,18.60000038
0,0,1,1,33,16,NA,0,2750,36,17,9.454500198,29000,0.621500015,16,16,9.5,0,11,29
0,0,0,0,52,12,NA,0,2115,55,12,8.983499527,19237,0.691500008,7,7,9.5,1,23,19.23699951
0,0,0,3,43,11,NA,0,2590,45,12,5.984600067,19855,0.721499979,12,14,7.5,1,1,19.85499954
0,0,1,1,33,12,NA,0,2372,34,12,3.962899923,9450,0.75150001,12,7,9.5,0,5,9.449999809
0,0,0,0,45,10,NA,0,2295,48,12,7.057499886,30000,0.581499994,7,7,7.5,0,1,30
0,0,2,1,36,10,NA,0,2096,38,12,7.156499863,15000,0.721499979,10,10,14,1,5,15
0,0,1,1,34,12,NA,0,3315,39,17,4.014500141,24701,0.661499977,12,12,9.5,1,3,24.70100021
0,0,0,2,37,14,NA,0,1777,50,16,3.8829,15900,0.721499979,10,14,11,0,3,15.89999962
0,0,0,1,46,10,NA,0,1880,51,12,7.978700161,16240,0.721499979,7,7,11,0,19,16.23999977
0,0,0,0,47,12,NA,0,2184,55,10,5.036600113,21100,0.75150001,12,12,9.5,1,20,21.10000038
0,0,2,1,31,16,NA,0,3250,32,16,7.076900005,23000,0.661499977,12,12,7.5,1,5,23
0,0,0,0,57,5,NA,0,1520,58,5,3.618400097,6340,0.771499991,7,7,14,0,0,6.340000153
0,0,1,1,30,12,NA,0,3119,30,13,13.4659996,42250,0.49149999,10,10,5,1,3,42.25
0,0,0,0,30,12,NA,0,640,43,17,14.53100014,14694,0.721499979,12,10,11,1,3,14.69400024
0,0,0,3,44,12,NA,0,2250,45,12,6.800000191,21417,0.721499979,12,12,9.5,1,7,21.41699982
0,0,0,0,53,13,NA,0,3000,53,13,6.666699886,20200,0.661499977,7,12,7.5,1,7,20.20000076
0,0,0,0,51,8,NA,0,2028,54,8,5.917200089,12090,0.721499979,7,7,9.5,1,1,12.09000015
0,0,1,3,39,12,NA,0,2412,36,14,10.23999977,24760,0.661499977,12,7,5,1,13,24.76000023
0,0,0,0,52,8,NA,0,2452,54,12,8.156599998,23000,0.691500008,7,3,3,0,0,23
0,0,0,4,46,8,NA,0,2304,50,12,6.677499771,19365,0.721499979,3,3,11,1,0,19.36499977
0,0,0,5,47,12,NA,0,3120,49,12,0.961499989,5550,0.941500008,7,7,3,0,12,5.550000191
0,0,0,2,52,8,NA,0,1670,54,8,16.90699959,68035,0.441500008,7,3,7.5,1,0,68.03500366
0,0,0,2,45,12,NA,0,2137,46,15,13.56999969,29300,0.621500015,10,14,7.5,1,5,29.29999924
0,0,0,0,60,11,NA,0,2071,52,11,8.932900429,18500,0.691500008,7,7,7.5,1,45,18.5
0,0,0,2,41,13,NA,0,1960,54,7,4.737199783,22582,0.721499979,17,7,11,0,10,22.58200073
0,0,0,3,39,8,NA,0,2068,45,12,8.51060009,21500,0.721499979,7,7,7.5,1,2,21.5
0,0,0,1,49,12,NA,0,2190,51,12,5.251100063,28070,0.75150001,7,7,7.5,0,3,28.06999969
0,0,1,1,32,15,NA,0,2295,37,13,21.7859993,50300,0.441500008,12,12,14,1,1,50.29999924
0,0,1,3,33,12,NA,0,2970,34,13,7.912499905,23500,0.661499977,12,12,14,1,5,23.5
0,0,0,4,36,10,NA,0,2068,37,8,7.108300209,15500,0.75150001,7,9,14,0,10,15.5
0,0,3,3,37,13,NA,0,2419,39,14,5.043399811,13440,0.771499991,7,0,5,0,4,13.43999958
0,0,1,2,30,12,NA,0,2150,34,11,2.244199991,8100,0.781499982,12,12,11,0,7,8.100000381
0,0,1,1,44,11,NA,0,1152,37,10,8.506899834,9800,0.75150001,7,12,9.5,1,9,9.800000191
0,0,0,1,48,12,NA,0,2640,49,12,7.575799942,20300,0.691500008,7,12,5,1,5,20.29999924
0,0,0,4,40,11,NA,0,2550,45,11,5.882400036,15000,0.75150001,7,7,14,1,4,15
0,0,0,0,47,13,NA,0,1360,49,16,40.44100189,56100,0.441500008,9,9,5,1,11,56.09999847
0,0,0,2,36,12,NA,0,2420,40,12,6.23390007,22846,0.721499979,12,7,5,1,9,22.84600067
0,0,0,2,40,11,NA,0,2205,42,14,9.297100067,22225,0.691500008,7,12,5,1,4,22.22500038
0,0,0,1,46,12,NA,0,3268,46,12,0.703800023,17635,0.941500008,12,7,7.5,1,2,17.63500023
0,0,0,0,52,12,NA,0,3672,54,12,2.542500019,18500,0.691500008,3,12,7.5,0,23,18.5
0,0,0,1,44,12,NA,0,1800,45,12,5.083300114,13390,0.75150001,12,12,11,0,3,13.39000034
0,0,0,1,45,10,NA,0,1926,46,14,7.684299946,15150,0.721499979,7,7,7.5,1,15,15.14999962
0,0,2,1,30,7,NA,0,1920,35,7,4.0625,16200,0.781499982,7,3,7.5,0,8,16.20000076
0,0,1,3,40,12,NA,0,2080,44,12,6.51060009,33920,0.661499977,12,12,14,1,3,33.91999817
0,0,0,1,43,12,NA,0,2856,43,12,2.950999975,14000,0.721499979,7,12,7.5,0,25,14
0,0,0,2,49,12,NA,0,2115,53,10,5.673799992,16736,0.75150001,12,3,11,1,2,16.73600006
0,0,1,4,46,12,NA,3.450000048,1880,48,12,12.76599979,30650,0.661499977,12,12,11,1,0,30.64999962
0,0,0,0,52,11,NA,0,2000,52,12,6,12400,0.75150001,7,7,11,0,19,12.39999962
0,0,1,1,31,12,NA,0,2044,33,15,9.295499802,19022,0.691500008,7,10,9.5,1,3,19.02199936
0,0,1,1,42,10,NA,0,1677,47,11,5.132400036,11203,0.75150001,7,7,5,0,7,11.20300007
0,0,0,3,33,11,NA,0,2184,38,8,9.065899849,19876,0.691500008,7,14,7.5,1,1,19.87599945
0,0,0,0,57,16,NA,0,3185,57,13,11.93099976,57000,0.441500008,7,12,14,1,9,57
0,0,0,0,49,10,NA,0,2680,51,10,6.716400146,18290,0.691500008,10,10,11,1,3,18.29000092
0,0,0,1,45,14,NA,0,3615,47,14,4.585100174,20220,0.691500008,14,12,11,1,8,20.21999931
0,0,0,0,56,11,NA,0,2139,56,12,9.256699562,22150,0.691500008,7,7,14,1,0,22.14999962
0,0,1,3,41,12,NA,0,3080,43,12,8.565600395,30623,0.621500015,10,10,7.5,1,5,30.62299919
0,0,0,0,56,5,NA,0,1261,53,6,6.740699768,9380,0.75150001,3,3,14,1,20,9.380000114
0,0,0,1,48,10,NA,0,2227,48,10,9.878800392,22000,0.691500008,7,7,5,1,3,22
0,0,0,2,52,16,NA,0,1920,53,16,9.375,23675,0.661499977,12,10,7.5,1,12,23.67499924
0,0,0,0,51,12,NA,0,2350,55,12,6.27699995,33671,0.721499979,7,7,14,1,5,33.67100143
0,0,0,3,35,11,NA,0,1785,39,10,6.424099922,12367,0.75150001,7,7,7.5,0,1,12.36699963
0,0,0,0,45,12,NA,0,2598,51,12,8.371800423,21950,0.661499977,7,7,5,0,0,21.95000076
0,0,0,0,54,12,NA,0,2455,58,17,12.22000027,32000,0.581499994,7,7,9.5,1,7,32
0,0,0,2,54,12,NA,0,2450,54,13,3.561199903,22610,0.721499979,10,10,9.5,1,13,22.61000061
0,0,1,0,31,12,NA,0,1218,32,8,8.866999626,12092,0.75150001,7,7,3,0,3,12.09200001
0,0,0,3,53,6,NA,0,2040,54,4,1.851500034,3777,0.941500008,7,7,11,0,0,3.77699995
0,0,2,2,35,14,NA,0,2600,34,14,8.076899529,36000,0.551500022,16,14,3,0,2,36
0,0,1,3,36,12,NA,0,2450,40,16,8.979599953,26900,0.661499977,12,16,7.5,0,0,26.89999962
0,0,0,0,59,12,NA,0,2717,60,12,6.661799908,32242,0.661499977,7,7,11,1,2,32.24200058
0,0,0,0,54,16,NA,0,2701,54,17,11.10700035,35020,0.581499994,16,17,5,1,1,35.02000046
0,0,1,1,37,12,NA,0,2600,47,17,14.07699966,37600,0.551500022,7,7,9,1,10,37.59999847
0,0,0,0,44,12,NA,0,3640,54,10,0.412099987,1500,0.941500008,7,7,7.5,1,10,1.5
0,0,1,2,34,17,NA,0,2940,40,16,23.80999947,96000,0.441500008,12,12,5,1,1,96
0,0,0,0,49,12,NA,0,1880,50,12,9.574500084,18150,0.691500008,7,7,11,0,3,18.14999962
0,0,0,0,49,12,NA,0,3500,51,12,1.928599954,15500,0.721499979,7,7,3,0,32,15.5
0,0,0,0,60,9,NA,0,3320,60,8,2.578299999,14000,0.721499979,7,7,3,0,0,14
0,0,0,0,51,12,NA,0,1605,55,12,7.227399826,14756,0.721499979,7,7,7.5,1,7,14.75599957
0,0,1,1,30,12,NA,0,2500,30,14,8.800000191,22000,0.661499977,12,10,5,1,5,22
0,0,0,2,47,12,NA,0,2400,49,9,7.75,24466,0.661499977,7,7,11,1,2,24.4659996
0,0,0,4,36,12,NA,0,1634,45,17,14.68799973,24400,0.661499977,12,12,7.5,1,5,24.39999962
0,0,1,3,35,12,NA,0,2260,38,12,10.48700047,24000,0.661499977,7,7,9.5,1,3,24
0,0,0,0,58,12,NA,0,3478,53,12,4.025300026,15500,0.721499979,12,9,11,0,25,15.5
0,0,1,3,41,14,NA,0,2550,42,16,11.76500034,30800,0.621500015,14,12,7.5,0,0,30.79999924
0,0,0,1,51,10,NA,0,840,52,8,9.523799896,10660,0.75150001,7,7,14,1,3,10.65999985
0,0,0,0,47,12,NA,0,1520,52,12,6.907899857,13350,0.721499979,7,7,11,0,10,13.35000038
0,0,1,2,45,9,NA,0,1920,35,9,5.151000023,10090,0.75150001,12,3,11,0,10,10.09000015
0,0,0,0,60,14,NA,0,2703,55,17,20.49600029,55600,0.441500008,16,14,14,1,7,55.59999847
0,0,1,1,30,16,NA,2,1896,46,16,13.55500031,25700,0.661499977,12,12,9.5,1,5,25.70000076
0,0,0,0,55,11,NA,0,1960,57,13,14.79599953,29000,0.581499994,7,3,5,1,15,29
0,0,1,2,32,12,NA,0,3060,50,8,1.690500021,7286,0.781499982,10,7,3,0,1,7.285999775
0,0,0,2,36,12,NA,0,2805,38,12,7.229599953,37752,0.521499991,7,7,3,0,5,37.7519989
0,0,0,0,55,12,NA,0,1944,53,7,4.115200043,13072,0.75150001,3,3,14,0,9,13.07199955
0,0,0,0,47,12,NA,0,1960,47,12,2.999000072,7044,0.771499991,3,3,14,0,18,7.044000149
0,0,0,1,47,12,NA,0,2112,52,8,8.049200058,18200,0.691500008,7,7,14,1,1,18.20000076
0,0,0,1,37,11,NA,0,2544,39,12,8.576999664,27000,0.621500015,12,7,3,0,0,27
0,0,0,2,50,12,NA,0,1700,53,17,9.32349968,30300,0.581499994,10,12,3,0,6,30.29999924
0,0,0,3,30,12,NA,0,2550,31,12,4.705900192,12000,0.75150001,3,7,14,0,1,12
0,0,0,1,48,17,NA,0,2080,45,17,9.134599686,31500,0.661499977,16,17,3,0,2,31.5
0,0,0,2,43,10,NA,0,2060,49,12,7.767000198,27092,0.721499979,10,10,5,1,15,27.09199905
0,0,1,0,48,11,NA,0,1955,46,8,4.126900196,20968,0.75150001,7,7,3,0,25,20.96800041
0,0,1,2,41,14,NA,0,2500,44,17,10,27000,0.661499977,17,7,14,1,1,27
0,0,0,0,50,12,NA,0,2750,52,10,4.072700024,11225,0.75150001,7,10,7.5,1,0,11.22500038
0,0,0,0,58,8,NA,0,2040,59,5,7.852900028,37700,0.581499994,3,3,7.5,0,0,37.70000076
0,0,0,5,38,13,NA,0,3275,43,15,7.816800117,28200,0.661499977,12,16,7.5,1,0,28.20000076
0,0,0,1,37,12,NA,0,2400,39,12,9.166700363,34000,0.661499977,7,12,5,0,8,34
0,0,0,0,50,16,NA,0,2024,51,17,29.6439991,63200,0.441500008,12,7,9.5,1,22,63.20000076
0,0,0,4,42,8,NA,0,1840,44,6,4.076099873,7500,0.791499972,3,3,7.5,1,5,7.5
0,0,1,3,37,9,NA,0,2033,37,17,8.362000465,17410,0.721499979,10,10,9.5,1,10,17.40999985
0,0,0,2,41,16,NA,0,1946,40,17,12.06200027,51000,0.441500008,16,17,9,1,1,51
0,0,0,2,31,12,NA,0,3660,31,12,2.325099945,12916,0.75150001,10,7,3,0,1,12.91600037
0,0,0,0,51,12,NA,0,2088,55,11,10.01000023,21900,0.661499977,7,7,5,1,6,21.89999962
0,0,1,2,36,12,NA,0,2048,41,12,5.27339983,17640,0.75150001,7,7,5,0,4,17.63999939
0,0,0,0,54,15,NA,0,1920,52,15,10.41699982,20000,0.691500008,14,16,14,0,6,20
0,0,0,0,49,12,NA,0,2000,54,12,7.5,15000,0.721499979,7,7,14,1,0,15
0,0,1,1,48,9,NA,0,2204,47,8,6.352099895,14060,0.721499979,10,12,5,0,1,14.06000042
0,0,0,2,42,9,NA,0,3157,45,10,3.807100058,15825,0.721499979,7,14,9.5,0,3,15.82499981
0,0,1,2,41,12,NA,0,1665,44,14,9.909899712,16510,0.721499979,3,16,9.5,1,15,16.51000023
0,0,0,0,55,16,NA,0,2304,56,11,2.670099974,13000,0.721499979,12,12,7.5,0,33,13
0,0,0,0,42,9,NA,0,2275,46,8,4.395599842,10000,0.75150001,7,7,5,1,2,10
0,0,0,1,32,15,NA,0,2760,33,17,7.971000195,22000,0.661499977,12,12,7.5,1,1,22
0,0,0,2,43,12,NA,0,1750,44,14,15.4289999,29800,0.581499994,7,7,7.5,1,10,29.79999924
0,0,1,3,33,12,NA,0,3366,37,13,1.985399961,15000,0.721499979,7,7,5,1,0,15
0,0,0,1,48,15,NA,0,2205,51,16,7.256199837,22300,0.721499979,10,14,9.5,1,14,22.29999924
0,0,0,2,43,12,NA,0,1990,48,9,7.035200119,14550,0.721499979,3,16,7.5,1,15,14.55000019
0,0,1,3,47,17,NA,0,1930,57,16,8.134699821,19730,0.691500008,14,12,7.5,1,15,19.72999954
0,0,0,0,54,12,NA,0,1350,60,12,11.98099995,35000,0.551500022,12,12,7.5,1,10,35
0,0,0,1,51,12,NA,0,3340,52,12,5.992199898,21014,0.661499977,7,3,7.5,1,6,21.01399994
0,0,0,1,51,10,NA,0,960,57,10,4.145800114,10876,0.75150001,14,7,7.5,0,18,10.8760004
0,0,1,1,43,13,NA,0,2732,42,13,8.510199547,27850,0.621500015,12,10,7.5,0,15,27.85000038
0,0,0,0,53,12,NA,0,1624,59,8,2.963099957,9560,0.75150001,0,3,3,0,30,9.56000042
0,0,1,1,34,11,NA,0,1804,36,12,8.814900398,30300,0.621500015,7,7,7.5,0,15,30.29999924
0,0,1,1,31,8,NA,0,2805,31,10,2.495500088,7720,0.781499982,7,7,7.5,0,10,7.71999979
0,0,0,0,56,12,NA,0,2160,59,8,4.884300232,10550,0.75150001,10,7,7.5,1,0,10.55000019
0,0,0,1,42,16,NA,0,2052,55,15,10.19999981,24106,0.661499977,12,7,9.5,1,0,24.1060009
0,0,0,2,32,12,NA,0,2250,35,16,10,22995,0.661499977,12,14,9.5,1,4,22.99500084
0,0,1,3,35,12,NA,0,1120,37,12,5.35710001,6000,0.801500022,12,12,9.5,1,0,6
0,0,1,1,30,12,NA,0,2450,36,14,9.795900345,24350,0.661499977,14,14,9.5,1,3,24.35000038
0,0,0,0,51,10,NA,0,3432,50,11,1.37409997,7608,0.771499991,7,7,7.5,0,20,7.607999802
0,0,0,3,47,12,NA,0,2700,48,12,3.463000059,28200,0.721499979,7,7,3,0,3,28.20000076
0,0,0,1,54,12,NA,0,2817,55,13,5.040800095,16150,0.721499979,3,7,3,0,1,16.14999962
0,0,3,0,31,15,NA,0,3000,34,17,16.66699982,51200,0.441500008,7,10,7.5,1,5,51.20000076
0,0,0,0,47,10,NA,0,2125,45,11,4.329400063,12646,0.75150001,7,7,5,1,7,12.64599991
0,0,0,3,47,14,NA,0,1864,42,16,10.19299984,19000,0.691500008,7,7,11,1,6,19
0,0,0,3,40,12,NA,0,2400,39,12,7.583300114,19000,0.721499979,7,7,7.5,1,2,19
0,0,0,0,48,8,NA,0,2160,50,7,4.120399952,14400,0.75150001,3,3,7.5,0,0,14.39999962
0,0,0,7,34,8,NA,0,1040,51,7,4.807700157,7232,0.941500008,3,7,11,1,10,7.231999874
0,0,0,3,38,12,NA,0,2450,42,16,3.153100014,21943,0.75150001,7,10,9.5,1,6,21.94300079
0,0,1,3,32,12,NA,0,2500,34,16,19,47500,0.461499989,7,10,7.5,1,4,47.5
0,0,0,1,48,16,NA,0,2131,45,17,6.053500175,28900,0.621500015,12,7,7.5,1,8,28.89999962
0,0,0,2,41,12,NA,0,2165,46,7,3.787499905,12400,0.771499991,7,7,7.5,0,18,12.39999962
0,0,0,2,49,5,NA,0,2230,43,3,2.92869997,6531,0.781499982,0,0,7.5,0,7,6.531000137
0,0,0,0,59,8,NA,0,1995,55,12,9.297200203,22422,0.691500008,3,7,11,1,15,22.42200089
0,0,0,0,58,13,NA,0,2025,57,16,9.382699966,22200,0.661499977,7,7,11,1,7,22.20000076
0,0,0,3,41,12,NA,0,2450,48,15,26.53100014,77000,0.441500008,7,14,14,1,8,77
0,0,0,2,45,12,NA,0,2160,45,12,40.50899887,88000,0.441500008,10,10,14,1,8,88
0,0,1,1,30,14,NA,0,1715,32,17,15.15999985,26040,0.621500015,12,10,11,0,3,26.04000092
0,0,0,1,41,12,NA,0,3018,42,16,18.9640007,63500,0.441500008,7,7,7.5,1,10,63.5
0,0,2,0,30,12,NA,0,2216,33,16,5.415200233,12100,0.75150001,10,10,7.5,0,9,12.10000038
0,0,0,1,53,12,NA,0,2499,54,12,1.998800039,17505,0.75150001,12,7,7.5,1,24,17.50499916
0,0,0,0,31,12,NA,0,2250,37,14,8,18000,0.691500008,10,7,7.5,0,12,18
0,0,0,2,43,14,NA,0,2116,44,17,11.15299988,28069,0.661499977,12,12,11,1,2,28.06900024
0,0,1,1,31,12,NA,0,2016,30,14,5.952400208,14000,0.75150001,12,14,14,1,6,14
0,0,0,0,51,12,NA,0,2470,60,10,2.119400024,8117,0.75150001,10,3,7.5,1,18,8.116999626
0,0,0,0,43,9,NA,0,1640,45,12,3.838399887,11895,0.771499991,7,7,5,1,17,11.89500046
0,0,1,2,31,14,NA,0,2016,34,16,17.36100006,45250,0.49149999,16,16,5,1,7,45.25
0,0,0,0,48,11,NA,0,2185,48,12,8.009200096,31106,0.691500008,7,10,9.5,1,6,31.1060009
0,0,1,1,31,12,NA,0,800,33,14,3,4000,0.801500022,12,7,9.5,1,10,4
0,0,0,1,44,12,NA,0,3022,46,12,10.58899975,40500,0.581499994,7,7,7.5,1,5,40.5
0,0,0,1,48,11,NA,0,1512,50,14,10.91300011,21620,0.721499979,10,7,7.5,1,7,21.62000084
0,0,0,1,53,12,NA,0,2677,53,12,5.603300095,23426,0.721499979,0,0,7.5,1,11,23.4260006
0,0,0,3,42,10,NA,2.75,3150,44,12,7.936500072,26000,0.661499977,3,3,11,1,14,26
0,0,2,6,39,12,NA,0,1430,34,12,2.947599888,7840,0.941500008,7,0,9.5,1,5,7.840000153
0,0,1,2,32,10,NA,0,3307,36,4,2.056200027,6800,0.791499972,7,3,7.5,0,2,6.800000191
0,0,0,2,36,12,NA,0,3120,39,12,1.301300049,5330,0.791499972,7,12,14,0,4,5.329999924
0,0,0,2,40,13,NA,0,3020,43,16,9.271499634,28200,0.621500015,10,10,9.5,1,5,28.20000076
0,0,2,3,31,12,NA,0,2056,33,12,4.863800049,10000,0.771499991,12,12,7.5,0,14,10
0,0,0,0,43,12,NA,0,2383,43,12,1.0898,9952,0.75150001,10,3,7.5,0,4,9.951999664
0,0,0,0,60,12,NA,0,1705,55,8,12.43999958,24984,0.621500015,12,12,14,1,15,24.98399925
0,0,0,3,39,9,NA,0,3120,48,12,6.089700222,28363,0.691500008,7,7,11,1,12,28.36300087
